code_loaded_time,iwasm_aot,Queens.wasm,7118.9001953125
code_loaded_time,iwasm_aot,Quicksort.wasm,7074.0328125
code_loaded_time,iwasm_aot,Treesort.wasm,6944.6650390625
code_loaded_time,iwasm_aot,IntMM.wasm,7199.2087890625
code_loaded_time,iwasm_aot,Perm.wasm,7151.5837890625
code_loaded_time,iwasm_aot,RealMM.wasm,7295.30703125
code_loaded_time,iwasm_aot,Oscar.wasm,7088.3779296875
code_loaded_time,iwasm_aot,Towers.wasm,7180.1533203125
code_loaded_time,iwasm_aot,FloatMM.wasm,7146.7396484375
code_loaded_time,iwasm_aot,Bubblesort.wasm,7237.901171875
code_loaded_time,iwasm_aot,Puzzle.wasm,7138.7001953125
