code_loaded_time,iwasm--fast-jit,Queens.wasm,6649.1130859375
code_loaded_time,iwasm--fast-jit,Quicksort.wasm,6774.5755859375
code_loaded_time,iwasm--fast-jit,Treesort.wasm,6710.1412109375
code_loaded_time,iwasm--fast-jit,IntMM.wasm,6664.7044921875
code_loaded_time,iwasm--fast-jit,Perm.wasm,6684.7142578125
code_loaded_time,iwasm--fast-jit,RealMM.wasm,6639.021484375
code_loaded_time,iwasm--fast-jit,Oscar.wasm,6838.7689453125
code_loaded_time,iwasm--fast-jit,Towers.wasm,6736.49453125
code_loaded_time,iwasm--fast-jit,FloatMM.wasm,6851.7599609375
code_loaded_time,iwasm--fast-jit,Bubblesort.wasm,6728.948046875
code_loaded_time,iwasm--fast-jit,Puzzle.wasm,6643.569140625
