code_loaded_time,iwasm--multi-tier-jit,Queens.wasm,6577.1396484375
code_loaded_time,iwasm--multi-tier-jit,Quicksort.wasm,6779.2423828125
code_loaded_time,iwasm--multi-tier-jit,Treesort.wasm,6732.68125
code_loaded_time,iwasm--multi-tier-jit,IntMM.wasm,6628.0009765625
code_loaded_time,iwasm--multi-tier-jit,Perm.wasm,6830.614453125
code_loaded_time,iwasm--multi-tier-jit,RealMM.wasm,6729.4859375
code_loaded_time,iwasm--multi-tier-jit,Oscar.wasm,6767.6978515625
code_loaded_time,iwasm--multi-tier-jit,Towers.wasm,6678.99296875
code_loaded_time,iwasm--multi-tier-jit,FloatMM.wasm,6712.8578125
code_loaded_time,iwasm--multi-tier-jit,Bubblesort.wasm,6704.5810546875
code_loaded_time,iwasm--multi-tier-jit,Puzzle.wasm,8127.8505859375
