code_loaded_time,wasm3--compile,Queens.wasm,226870.0248046875
code_loaded_time,wasm3--compile,Quicksort.wasm,226164.890625
code_loaded_time,wasm3--compile,Treesort.wasm,225815.5193359375
code_loaded_time,wasm3--compile,IntMM.wasm,225880.6630859375
code_loaded_time,wasm3--compile,Perm.wasm,226035.4283203125
code_loaded_time,wasm3--compile,RealMM.wasm,225864.2033203125
code_loaded_time,wasm3--compile,Oscar.wasm,226886.5056640625
code_loaded_time,wasm3--compile,Towers.wasm,226888.556640625
code_loaded_time,wasm3--compile,FloatMM.wasm,226373.7486328125
code_loaded_time,wasm3--compile,Bubblesort.wasm,226704.2166015625
code_loaded_time,wasm3--compile,Puzzle.wasm,226772.0677734375
