code_loaded_time,iwasm--llvm-jit,Queens.wasm,35011.4279296875
code_loaded_time,iwasm--llvm-jit,Quicksort.wasm,36193.3810546875
code_loaded_time,iwasm--llvm-jit,Treesort.wasm,48136.0984375
code_loaded_time,iwasm--llvm-jit,IntMM.wasm,33721.9126953125
code_loaded_time,iwasm--llvm-jit,Perm.wasm,34018.5064453125
code_loaded_time,iwasm--llvm-jit,RealMM.wasm,45693.58984375
code_loaded_time,iwasm--llvm-jit,Oscar.wasm,48967.250390625
code_loaded_time,iwasm--llvm-jit,Towers.wasm,35227.9326171875
code_loaded_time,iwasm--llvm-jit,FloatMM.wasm,45716.2138671875
code_loaded_time,iwasm--llvm-jit,Bubblesort.wasm,35046.6791015625
code_loaded_time,iwasm--llvm-jit,Puzzle.wasm,40277.80546875
