code_loaded_time,wasmtime,Queens.wasm,9049.988671875
code_loaded_time,wasmtime,Quicksort.wasm,9005.6041015625
code_loaded_time,wasmtime,Treesort.wasm,9525.577734375
code_loaded_time,wasmtime,IntMM.wasm,8960.8279296875
code_loaded_time,wasmtime,Perm.wasm,8982.119140625
code_loaded_time,wasmtime,RealMM.wasm,9221.3099609375
code_loaded_time,wasmtime,Oscar.wasm,9332.2494140625
code_loaded_time,wasmtime,Towers.wasm,9408.1453125
code_loaded_time,wasmtime,FloatMM.wasm,9190.8923828125
code_loaded_time,wasmtime,Bubblesort.wasm,8817.6412109375
code_loaded_time,wasmtime,Puzzle.wasm,8972.48984375
