code_loaded_time,wasmedge_aot,Queens.wasm,759.231640625
code_loaded_time,wasmedge_aot,Quicksort.wasm,757.575
code_loaded_time,wasmedge_aot,Treesort.wasm,775.61015625
code_loaded_time,wasmedge_aot,IntMM.wasm,797.714453125
code_loaded_time,wasmedge_aot,Perm.wasm,757.8775390625
code_loaded_time,wasmedge_aot,RealMM.wasm,789.27265625
code_loaded_time,wasmedge_aot,Oscar.wasm,780.2609375
code_loaded_time,wasmedge_aot,Towers.wasm,777.2701171875
code_loaded_time,wasmedge_aot,FloatMM.wasm,779.7044921875
code_loaded_time,wasmedge_aot,Bubblesort.wasm,763.79921875
code_loaded_time,wasmedge_aot,Puzzle.wasm,790.058984375
