code_loaded_time,wasm3,Queens.wasm,225657.783203125
code_loaded_time,wasm3,Quicksort.wasm,226871.3912109375
code_loaded_time,wasm3,Treesort.wasm,225297.0703125
code_loaded_time,wasm3,IntMM.wasm,225501.2951171875
code_loaded_time,wasm3,Perm.wasm,225915.2365234375
code_loaded_time,wasm3,RealMM.wasm,225823.238671875
code_loaded_time,wasm3,Oscar.wasm,226156.621484375
code_loaded_time,wasm3,Towers.wasm,226320.6037109375
code_loaded_time,wasm3,FloatMM.wasm,225829.28671875
code_loaded_time,wasm3,Bubblesort.wasm,226866.819140625
code_loaded_time,wasm3,Puzzle.wasm,226521.2484375
