code_loaded_time,iwasm,Queens.wasm,7442.243359375
code_loaded_time,iwasm,Quicksort.wasm,7381.2205078125
code_loaded_time,iwasm,Treesort.wasm,7652.8865234375
code_loaded_time,iwasm,IntMM.wasm,7370.073828125
code_loaded_time,iwasm,Perm.wasm,7450.5162109375
code_loaded_time,iwasm,RealMM.wasm,7525.17890625
code_loaded_time,iwasm,Oscar.wasm,7580.3890625
code_loaded_time,iwasm,Towers.wasm,7404.119140625
code_loaded_time,iwasm,FloatMM.wasm,7512.6630859375
code_loaded_time,iwasm,Bubblesort.wasm,7445.115234375
code_loaded_time,iwasm,Puzzle.wasm,7548.330859375
