code_loaded_time,wasmer,Queens.wasm,11130.8818359375
code_loaded_time,wasmer,Quicksort.wasm,9979.879296875
code_loaded_time,wasmer,Treesort.wasm,9799.6873046875
code_loaded_time,wasmer,IntMM.wasm,11422.36953125
code_loaded_time,wasmer,Perm.wasm,10240.318359375
code_loaded_time,wasmer,RealMM.wasm,10631.456640625
code_loaded_time,wasmer,Oscar.wasm,11360.6640625
code_loaded_time,wasmer,Towers.wasm,11506.47578125
code_loaded_time,wasmer,FloatMM.wasm,10520.7671875
code_loaded_time,wasmer,Bubblesort.wasm,9864.776953125
code_loaded_time,wasmer,Puzzle.wasm,10361.1896484375
