code_execution_time,iwasm_aot,methcall.wasm,5814776.389453125
code_execution_time,iwasm_aot,hello.wasm,868.8904296875
code_execution_time,iwasm_aot,moments.wasm,70585.584375
code_execution_time,iwasm_aot,lists1.wasm,82698.338671875
code_execution_time,iwasm_aot,ary2.wasm,17752.0005859375
code_execution_time,iwasm_aot,matrix.wasm,1893116.351171875
code_execution_time,iwasm_aot,except.wasm,702.989453125
code_execution_time,iwasm_aot,random.wasm,1547665.0455078124
code_execution_time,iwasm_aot,nestedloop.wasm,890.0345703125
code_execution_time,iwasm_aot,ary.wasm,18780.7611328125
code_execution_time,iwasm_aot,strcat.wasm,81905.6091796875
code_execution_time,iwasm_aot,hash.wasm,375292.7431640625
code_execution_time,iwasm_aot,lists.wasm,1620585.9783203125
code_execution_time,iwasm_aot,objinst.wasm,890.040625
code_execution_time,iwasm_aot,ackermann.wasm,904617.439453125
code_execution_time,iwasm_aot,heapsort.wasm,1655380.8857421875
code_execution_time,iwasm_aot,ary3.wasm,1354431.147265625
code_execution_time,iwasm_aot,sieve.wasm,824237.62890625
code_execution_time,iwasm_aot,hash2.wasm,1141617.0912109376
code_execution_time,iwasm_aot,fibo.wasm,1165223.9126953124
