code_execution_time,iwasm,methcall.wasm,68436964.10722657
code_execution_time,iwasm,hello.wasm,932.9662109375
code_execution_time,iwasm,moments.wasm,348480.4353515625
code_execution_time,iwasm,lists1.wasm,1081544.079296875
code_execution_time,iwasm,ary2.wasm,156716.15703125
code_execution_time,iwasm,matrix.wasm,35797569.48964844
code_execution_time,iwasm,except.wasm,698.9115234375
code_execution_time,iwasm,random.wasm,4399343.109960938
code_execution_time,iwasm,nestedloop.wasm,1041.4568359375
code_execution_time,iwasm,ary.wasm,189500.2994140625
code_execution_time,iwasm,strcat.wasm,2027472.5326171876
code_execution_time,iwasm,hash.wasm,3532058.7708984376
code_execution_time,iwasm,lists.wasm,22950064.14199219
code_execution_time,iwasm,objinst.wasm,994.4630859375
code_execution_time,iwasm,ackermann.wasm,6859.5400390625
code_execution_time,iwasm,heapsort.wasm,9712290.678515624
code_execution_time,iwasm,ary3.wasm,21937518.48652344
code_execution_time,iwasm,sieve.wasm,3792631.14765625
code_execution_time,iwasm,hash2.wasm,12015668.2953125
code_execution_time,iwasm,fibo.wasm,20552009.112304688
