code_execution_time,wasmtime,methcall.wasm,6977957.750195312
code_execution_time,wasmtime,hello.wasm,1625.9259765625
code_execution_time,wasmtime,moments.wasm,82981.11953125
code_execution_time,wasmtime,lists1.wasm,113734.845703125
code_execution_time,wasmtime,ary2.wasm,43949.625390625
code_execution_time,wasmtime,matrix.wasm,3206643.7552734376
code_execution_time,wasmtime,except.wasm,954.58515625
code_execution_time,wasmtime,random.wasm,3394179.858984375
code_execution_time,wasmtime,nestedloop.wasm,1696.04140625
code_execution_time,wasmtime,ary.wasm,49533.926953125
code_execution_time,wasmtime,strcat.wasm,199191.2259765625
code_execution_time,wasmtime,hash.wasm,523968.4087890625
code_execution_time,wasmtime,lists.wasm,1846148.98046875
code_execution_time,wasmtime,objinst.wasm,1750.151171875
code_execution_time,wasmtime,ackermann.wasm,675918.64375
code_execution_time,wasmtime,heapsort.wasm,2172407.030078125
code_execution_time,wasmtime,ary3.wasm,1462548.53828125
code_execution_time,wasmtime,sieve.wasm,938848.1998046875
code_execution_time,wasmtime,hash2.wasm,1459712.3630859375
code_execution_time,wasmtime,fibo.wasm,2032863.5224609375
