code_execution_time,iwasm--fast-jit,methcall.wasm,13315652.247070312
code_execution_time,iwasm--fast-jit,hello.wasm,297061.2419921875
code_execution_time,iwasm--fast-jit,moments.wasm,133711.5689453125
code_execution_time,iwasm--fast-jit,lists1.wasm,310076.2490234375
code_execution_time,iwasm--fast-jit,ary2.wasm,307425.512109375
code_execution_time,iwasm--fast-jit,matrix.wasm,4391021.2470703125
code_execution_time,iwasm--fast-jit,except.wasm,25479.02578125
code_execution_time,iwasm--fast-jit,random.wasm,3848187.2916015624
code_execution_time,iwasm--fast-jit,nestedloop.wasm,297467.04140625
code_execution_time,iwasm--fast-jit,ary.wasm,306131.7740234375
code_execution_time,iwasm--fast-jit,strcat.wasm,471610.9291015625
code_execution_time,iwasm--fast-jit,hash.wasm,722329.1337890625
code_execution_time,iwasm--fast-jit,lists.wasm,3827529.720703125
code_execution_time,iwasm--fast-jit,objinst.wasm,297905.460546875
code_execution_time,iwasm--fast-jit,ackermann.wasm,299419.1724609375
code_execution_time,iwasm--fast-jit,heapsort.wasm,2592414.2578125
code_execution_time,iwasm--fast-jit,ary3.wasm,3398566.751171875
code_execution_time,iwasm--fast-jit,sieve.wasm,1533683.473046875
code_execution_time,iwasm--fast-jit,hash2.wasm,2658604.088671875
code_execution_time,iwasm--fast-jit,fibo.wasm,3894048.0427734377
