code_execution_time,wasmer,methcall.wasm,7492541.31953125
code_execution_time,wasmer,hello.wasm,1003.9638671875
code_execution_time,wasmer,moments.wasm,87419.10546875
code_execution_time,wasmer,lists1.wasm,119700.4205078125
code_execution_time,wasmer,ary2.wasm,40895.9896484375
code_execution_time,wasmer,matrix.wasm,2838822.834375
code_execution_time,wasmer,except.wasm,634.0333984375
code_execution_time,wasmer,random.wasm,1655364.9087890624
code_execution_time,wasmer,nestedloop.wasm,1997.1283203125
code_execution_time,wasmer,ary.wasm,50111.807421875
code_execution_time,wasmer,strcat.wasm,206153.4546875
code_execution_time,wasmer,hash.wasm,539535.208984375
code_execution_time,wasmer,lists.wasm,2099767.1857421873
code_execution_time,wasmer,objinst.wasm,1933.336328125
code_execution_time,wasmer,ackermann.wasm,1047486.2943359375
code_execution_time,wasmer,heapsort.wasm,2562660.271484375
code_execution_time,wasmer,ary3.wasm,1874820.3337890625
code_execution_time,wasmer,sieve.wasm,1214197.3197265626
code_execution_time,wasmer,hash2.wasm,2012154.5001953125
code_execution_time,wasmer,fibo.wasm,2135078.0482421876
