code_execution_time,iwasm--multi-tier-jit,methcall.wasm,11794340.058398437
code_execution_time,iwasm--multi-tier-jit,hello.wasm,294926.5197265625
code_execution_time,iwasm--multi-tier-jit,moments.wasm,159701.95078125
code_execution_time,iwasm--multi-tier-jit,lists1.wasm,308927.1328125
code_execution_time,iwasm--multi-tier-jit,ary2.wasm,308397.221484375
code_execution_time,iwasm--multi-tier-jit,matrix.wasm,4435402.82578125
code_execution_time,iwasm--multi-tier-jit,except.wasm,25555.2625
code_execution_time,iwasm--multi-tier-jit,random.wasm,3893868.8109375
code_execution_time,iwasm--multi-tier-jit,nestedloop.wasm,296317.2271484375
code_execution_time,iwasm--multi-tier-jit,ary.wasm,306325.4279296875
code_execution_time,iwasm--multi-tier-jit,strcat.wasm,465881.4453125
code_execution_time,iwasm--multi-tier-jit,hash.wasm,774303.3958984375
code_execution_time,iwasm--multi-tier-jit,lists.wasm,2976479.46484375
code_execution_time,iwasm--multi-tier-jit,objinst.wasm,297721.9703125
code_execution_time,iwasm--multi-tier-jit,ackermann.wasm,298352.1599609375
code_execution_time,iwasm--multi-tier-jit,heapsort.wasm,2562865.0001953123
code_execution_time,iwasm--multi-tier-jit,ary3.wasm,3426460.9130859375
code_execution_time,iwasm--multi-tier-jit,sieve.wasm,1593984.7904296876
code_execution_time,iwasm--multi-tier-jit,hash2.wasm,1907490.172265625
code_execution_time,iwasm--multi-tier-jit,fibo.wasm,1961112.103515625
