code_execution_time,iwasm--llvm-jit,methcall.wasm,6540477.70234375
code_execution_time,iwasm--llvm-jit,hello.wasm,754056.2197265625
code_execution_time,iwasm--llvm-jit,moments.wasm,260378.6140625
code_execution_time,iwasm--llvm-jit,lists1.wasm,1032028.86484375
code_execution_time,iwasm--llvm-jit,ary2.wasm,968565.0169921875
code_execution_time,iwasm--llvm-jit,matrix.wasm,2795861.9626953127
code_execution_time,iwasm--llvm-jit,except.wasm,77356.3771484375
code_execution_time,iwasm--llvm-jit,random.wasm,2240136.452734375
code_execution_time,iwasm--llvm-jit,nestedloop.wasm,1019080.649609375
code_execution_time,iwasm--llvm-jit,ary.wasm,959370.3900390625
code_execution_time,iwasm--llvm-jit,strcat.wasm,1079538.9609375
code_execution_time,iwasm--llvm-jit,hash.wasm,1242979.698828125
code_execution_time,iwasm--llvm-jit,lists.wasm,2638524.0439453125
code_execution_time,iwasm--llvm-jit,objinst.wasm,820743.0990234375
code_execution_time,iwasm--llvm-jit,ackermann.wasm,1736639.3876953125
code_execution_time,iwasm--llvm-jit,heapsort.wasm,1714381.9248046875
code_execution_time,iwasm--llvm-jit,ary3.wasm,2090206.6974609375
code_execution_time,iwasm--llvm-jit,sieve.wasm,1648971.5548828125
code_execution_time,iwasm--llvm-jit,hash2.wasm,2038369.880078125
code_execution_time,iwasm--llvm-jit,fibo.wasm,2204480.7423828123
