code_execution_time,wasm3,methcall.wasm,45362252.43398438
code_execution_time,wasm3,hello.wasm,30866.373828125
code_execution_time,wasm3,moments.wasm,275278.9900390625
code_execution_time,wasm3,lists1.wasm,855855.567578125
code_execution_time,wasm3,ary2.wasm,147840.80546875
code_execution_time,wasm3,matrix.wasm,29020073.35625
code_execution_time,wasm3,except.wasm,30247.663671875
code_execution_time,wasm3,random.wasm,3855600.7287109373
code_execution_time,wasm3,nestedloop.wasm,30946.045703125
code_execution_time,wasm3,ary.wasm,199845.750390625
code_execution_time,wasm3,strcat.wasm,1583938.899609375
code_execution_time,wasm3,hash.wasm,3434661.2359375
code_execution_time,wasm3,lists.wasm,17061753.33378906
code_execution_time,wasm3,objinst.wasm,30908.0068359375
code_execution_time,wasm3,ackermann.wasm,42710.5361328125
code_execution_time,wasm3,heapsort.wasm,6843984.380859375
code_execution_time,wasm3,ary3.wasm,20993262.14667969
code_execution_time,wasm3,sieve.wasm,3078956.0498046875
code_execution_time,wasm3,hash2.wasm,10340637.09140625
code_execution_time,wasm3,fibo.wasm,17731596.109375
