code_execution_time,wasmedge_aot,methcall.wasm,54627120.8734375
code_execution_time,wasmedge_aot,hello.wasm,1929.4587890625
code_execution_time,wasmedge_aot,moments.wasm,82284.3947265625
code_execution_time,wasmedge_aot,lists1.wasm,99543.81640625
code_execution_time,wasmedge_aot,ary2.wasm,44109.7677734375
code_execution_time,wasmedge_aot,matrix.wasm,2030142.5220703124
code_execution_time,wasmedge_aot,except.wasm,1638.155859375
code_execution_time,wasmedge_aot,random.wasm,1548740.9138671875
code_execution_time,wasmedge_aot,nestedloop.wasm,1920.349609375
code_execution_time,wasmedge_aot,ary.wasm,44971.9421875
code_execution_time,wasmedge_aot,strcat.wasm,96802.5
code_execution_time,wasmedge_aot,hash.wasm,451576.925390625
code_execution_time,wasmedge_aot,lists.wasm,1621357.880078125
code_execution_time,wasmedge_aot,objinst.wasm,1956.088671875
code_execution_time,wasmedge_aot,ackermann.wasm,782964.8611328125
code_execution_time,wasmedge_aot,heapsort.wasm,1830852.8875
code_execution_time,wasmedge_aot,ary3.wasm,1381765.015625
code_execution_time,wasmedge_aot,sieve.wasm,899684.0357421875
code_execution_time,wasmedge_aot,hash2.wasm,1142159.811328125
code_execution_time,wasmedge_aot,fibo.wasm,1249885.5845703124
