code_execution_time,wasm3--compile,methcall.wasm,45067963.957617186
code_execution_time,wasm3--compile,hello.wasm,30506.2373046875
code_execution_time,wasm3--compile,moments.wasm,279293.671875
code_execution_time,wasm3--compile,lists1.wasm,850836.006640625
code_execution_time,wasm3--compile,ary2.wasm,147812.788671875
code_execution_time,wasm3--compile,matrix.wasm,29014591.7578125
code_execution_time,wasm3--compile,except.wasm,30325.276171875
code_execution_time,wasm3--compile,random.wasm,3852401.3259765627
code_execution_time,wasm3--compile,nestedloop.wasm,30319.0796875
code_execution_time,wasm3--compile,ary.wasm,199586.2505859375
code_execution_time,wasm3--compile,strcat.wasm,1583092.284375
code_execution_time,wasm3--compile,hash.wasm,3408835.6462890627
code_execution_time,wasm3--compile,lists.wasm,17145516.8078125
code_execution_time,wasm3--compile,objinst.wasm,30542.7759765625
code_execution_time,wasm3--compile,ackermann.wasm,42243.16484375
code_execution_time,wasm3--compile,heapsort.wasm,6865758.898046875
code_execution_time,wasm3--compile,ary3.wasm,20935002.995703124
code_execution_time,wasm3--compile,sieve.wasm,3066303.4623046876
code_execution_time,wasm3--compile,hash2.wasm,10439050.244140625
code_execution_time,wasm3--compile,fibo.wasm,17594627.3484375
