code_loaded_time,wasmedge_aot,methcall.wasm,1893.061328125
code_loaded_time,wasmedge_aot,hello.wasm,1901.5375
code_loaded_time,wasmedge_aot,moments.wasm,845.559375
code_loaded_time,wasmedge_aot,lists1.wasm,1902.2396484375
code_loaded_time,wasmedge_aot,ary2.wasm,1925.7126953125
code_loaded_time,wasmedge_aot,matrix.wasm,1915.48984375
code_loaded_time,wasmedge_aot,except.wasm,768.838671875
code_loaded_time,wasmedge_aot,random.wasm,1886.731640625
code_loaded_time,wasmedge_aot,nestedloop.wasm,1885.57734375
code_loaded_time,wasmedge_aot,ary.wasm,1909.87890625
code_loaded_time,wasmedge_aot,strcat.wasm,1907.6240234375
code_loaded_time,wasmedge_aot,hash.wasm,1937.715625
code_loaded_time,wasmedge_aot,lists.wasm,1930.3767578125
code_loaded_time,wasmedge_aot,objinst.wasm,1914.7296875
code_loaded_time,wasmedge_aot,ackermann.wasm,1900.36640625
code_loaded_time,wasmedge_aot,heapsort.wasm,812.8162109375
code_loaded_time,wasmedge_aot,ary3.wasm,1920.3234375
code_loaded_time,wasmedge_aot,sieve.wasm,1901.669921875
code_loaded_time,wasmedge_aot,hash2.wasm,1938.177734375
code_loaded_time,wasmedge_aot,fibo.wasm,1885.5611328125
