code_loaded_time,iwasm--llvm-jit,methcall.wasm,523561.1171875
code_loaded_time,iwasm--llvm-jit,hello.wasm,516003.809765625
code_loaded_time,iwasm--llvm-jit,moments.wasm,86512.9791015625
code_loaded_time,iwasm--llvm-jit,lists1.wasm,529140.20078125
code_loaded_time,iwasm--llvm-jit,ary2.wasm,523209.0705078125
code_loaded_time,iwasm--llvm-jit,matrix.wasm,523932.6919921875
code_loaded_time,iwasm--llvm-jit,except.wasm,40424.9359375
code_loaded_time,iwasm--llvm-jit,random.wasm,520973.62578125
code_loaded_time,iwasm--llvm-jit,nestedloop.wasm,522657.10625
code_loaded_time,iwasm--llvm-jit,ary.wasm,516940.083203125
code_loaded_time,iwasm--llvm-jit,strcat.wasm,518677.2587890625
code_loaded_time,iwasm--llvm-jit,hash.wasm,548223.8435546875
code_loaded_time,iwasm--llvm-jit,lists.wasm,521785.1212890625
code_loaded_time,iwasm--llvm-jit,objinst.wasm,525422.7568359375
code_loaded_time,iwasm--llvm-jit,ackermann.wasm,521720.527734375
code_loaded_time,iwasm--llvm-jit,heapsort.wasm,76338.188671875
code_loaded_time,iwasm--llvm-jit,ary3.wasm,516232.4330078125
code_loaded_time,iwasm--llvm-jit,sieve.wasm,521095.460546875
code_loaded_time,iwasm--llvm-jit,hash2.wasm,553100.216015625
code_loaded_time,iwasm--llvm-jit,fibo.wasm,517006.3234375
