code_loaded_time,iwasm--fast-jit,methcall.wasm,12895.926171875
code_loaded_time,iwasm--fast-jit,hello.wasm,12875.2123046875
code_loaded_time,iwasm--fast-jit,moments.wasm,7106.7564453125
code_loaded_time,iwasm--fast-jit,lists1.wasm,12889.6349609375
code_loaded_time,iwasm--fast-jit,ary2.wasm,13073.8775390625
code_loaded_time,iwasm--fast-jit,matrix.wasm,12766.6587890625
code_loaded_time,iwasm--fast-jit,except.wasm,6771.1380859375
code_loaded_time,iwasm--fast-jit,random.wasm,15022.72578125
code_loaded_time,iwasm--fast-jit,nestedloop.wasm,12951.3427734375
code_loaded_time,iwasm--fast-jit,ary.wasm,12846.0177734375
code_loaded_time,iwasm--fast-jit,strcat.wasm,12903.8119140625
code_loaded_time,iwasm--fast-jit,hash.wasm,13041.669140625
code_loaded_time,iwasm--fast-jit,lists.wasm,12805.37265625
code_loaded_time,iwasm--fast-jit,objinst.wasm,12907.0455078125
code_loaded_time,iwasm--fast-jit,ackermann.wasm,12981.7056640625
code_loaded_time,iwasm--fast-jit,heapsort.wasm,6771.334375
code_loaded_time,iwasm--fast-jit,ary3.wasm,12994.474609375
code_loaded_time,iwasm--fast-jit,sieve.wasm,12910.774609375
code_loaded_time,iwasm--fast-jit,hash2.wasm,12906.541015625
code_loaded_time,iwasm--fast-jit,fibo.wasm,12791.334375
