code_loaded_time,wasmtime,methcall.wasm,46139.4921875
code_loaded_time,wasmtime,hello.wasm,46014.59609375
code_loaded_time,wasmtime,moments.wasm,12157.0083984375
code_loaded_time,wasmtime,lists1.wasm,47186.6654296875
code_loaded_time,wasmtime,ary2.wasm,45685.741015625
code_loaded_time,wasmtime,matrix.wasm,45901.18671875
code_loaded_time,wasmtime,except.wasm,10195.48671875
code_loaded_time,wasmtime,random.wasm,45384.9306640625
code_loaded_time,wasmtime,nestedloop.wasm,45650.5755859375
code_loaded_time,wasmtime,ary.wasm,45233.72578125
code_loaded_time,wasmtime,strcat.wasm,45384.59609375
code_loaded_time,wasmtime,hash.wasm,48925.92890625
code_loaded_time,wasmtime,lists.wasm,44797.8876953125
code_loaded_time,wasmtime,objinst.wasm,45077.9669921875
code_loaded_time,wasmtime,ackermann.wasm,45932.8513671875
code_loaded_time,wasmtime,heapsort.wasm,13334.67265625
code_loaded_time,wasmtime,ary3.wasm,45785.4685546875
code_loaded_time,wasmtime,sieve.wasm,45972.443359375
code_loaded_time,wasmtime,hash2.wasm,49726.5984375
code_loaded_time,wasmtime,fibo.wasm,44154.0142578125
