code_loaded_time,wasm3,methcall.wasm,226340.0021484375
code_loaded_time,wasm3,hello.wasm,225613.5869140625
code_loaded_time,wasm3,moments.wasm,225336.8763671875
code_loaded_time,wasm3,lists1.wasm,225654.14453125
code_loaded_time,wasm3,ary2.wasm,226102.00390625
code_loaded_time,wasm3,matrix.wasm,225668.097265625
code_loaded_time,wasm3,except.wasm,226380.8505859375
code_loaded_time,wasm3,random.wasm,226179.7123046875
code_loaded_time,wasm3,nestedloop.wasm,225293.267578125
code_loaded_time,wasm3,ary.wasm,226387.626953125
code_loaded_time,wasm3,strcat.wasm,225688.76015625
code_loaded_time,wasm3,hash.wasm,225973.1029296875
code_loaded_time,wasm3,lists.wasm,225554.327734375
code_loaded_time,wasm3,objinst.wasm,225332.269921875
code_loaded_time,wasm3,ackermann.wasm,228799.0216796875
code_loaded_time,wasm3,heapsort.wasm,225952.0875
code_loaded_time,wasm3,ary3.wasm,226281.943359375
code_loaded_time,wasm3,sieve.wasm,225290.0189453125
code_loaded_time,wasm3,hash2.wasm,225324.4400390625
code_loaded_time,wasm3,fibo.wasm,225766.2890625
