code_loaded_time,wasmer,methcall.wasm,46627.7302734375
code_loaded_time,wasmer,hello.wasm,47793.0962890625
code_loaded_time,wasmer,moments.wasm,12889.1201171875
code_loaded_time,wasmer,lists1.wasm,48712.3701171875
code_loaded_time,wasmer,ary2.wasm,47201.2513671875
code_loaded_time,wasmer,matrix.wasm,47149.8673828125
code_loaded_time,wasmer,except.wasm,12460.05625
code_loaded_time,wasmer,random.wasm,48019.2794921875
code_loaded_time,wasmer,nestedloop.wasm,49396.805859375
code_loaded_time,wasmer,ary.wasm,47299.1169921875
code_loaded_time,wasmer,strcat.wasm,47539.0154296875
code_loaded_time,wasmer,hash.wasm,48701.541015625
code_loaded_time,wasmer,lists.wasm,47355.8189453125
code_loaded_time,wasmer,objinst.wasm,48719.7919921875
code_loaded_time,wasmer,ackermann.wasm,47616.9271484375
code_loaded_time,wasmer,heapsort.wasm,14263.353125
code_loaded_time,wasmer,ary3.wasm,47424.4421875
code_loaded_time,wasmer,sieve.wasm,47452.7486328125
code_loaded_time,wasmer,hash2.wasm,48001.035546875
code_loaded_time,wasmer,fibo.wasm,47085.9951171875
