code_loaded_time,wasm3--compile,methcall.wasm,229209.6791015625
code_loaded_time,wasm3--compile,hello.wasm,229080.3072265625
code_loaded_time,wasm3--compile,moments.wasm,225912.1916015625
code_loaded_time,wasm3--compile,lists1.wasm,230184.60078125
code_loaded_time,wasm3--compile,ary2.wasm,230447.4296875
code_loaded_time,wasm3--compile,matrix.wasm,228946.7599609375
code_loaded_time,wasm3--compile,except.wasm,226908.0556640625
code_loaded_time,wasm3--compile,random.wasm,229485.8615234375
code_loaded_time,wasm3--compile,nestedloop.wasm,228835.444140625
code_loaded_time,wasm3--compile,ary.wasm,229631.8474609375
code_loaded_time,wasm3--compile,strcat.wasm,228719.1595703125
code_loaded_time,wasm3--compile,hash.wasm,230255.66640625
code_loaded_time,wasm3--compile,lists.wasm,228738.6291015625
code_loaded_time,wasm3--compile,objinst.wasm,229219.8072265625
code_loaded_time,wasm3--compile,ackermann.wasm,229269.114453125
code_loaded_time,wasm3--compile,heapsort.wasm,226485.167578125
code_loaded_time,wasm3--compile,ary3.wasm,229696.8255859375
code_loaded_time,wasm3--compile,sieve.wasm,228823.9736328125
code_loaded_time,wasm3--compile,hash2.wasm,229589.8431640625
code_loaded_time,wasm3--compile,fibo.wasm,229356.9716796875
