code_loaded_time,iwasm,methcall.wasm,12075.5494140625
code_loaded_time,iwasm,hello.wasm,12046.0056640625
code_loaded_time,iwasm,moments.wasm,8090.83984375
code_loaded_time,iwasm,lists1.wasm,12196.32109375
code_loaded_time,iwasm,ary2.wasm,13955.8220703125
code_loaded_time,iwasm,matrix.wasm,12067.5244140625
code_loaded_time,iwasm,except.wasm,7572.933203125
code_loaded_time,iwasm,random.wasm,12172.016015625
code_loaded_time,iwasm,nestedloop.wasm,14112.262109375
code_loaded_time,iwasm,ary.wasm,12164.1783203125
code_loaded_time,iwasm,strcat.wasm,12119.321484375
code_loaded_time,iwasm,hash.wasm,12176.218359375
code_loaded_time,iwasm,lists.wasm,12075.30859375
code_loaded_time,iwasm,objinst.wasm,12158.461328125
code_loaded_time,iwasm,ackermann.wasm,12030.4728515625
code_loaded_time,iwasm,heapsort.wasm,7918.6345703125
code_loaded_time,iwasm,ary3.wasm,12117.4337890625
code_loaded_time,iwasm,sieve.wasm,12049.4630859375
code_loaded_time,iwasm,hash2.wasm,12326.3978515625
code_loaded_time,iwasm,fibo.wasm,12034.7326171875
