code_loaded_time,iwasm--multi-tier-jit,methcall.wasm,12801.64921875
code_loaded_time,iwasm--multi-tier-jit,hello.wasm,12873.26484375
code_loaded_time,iwasm--multi-tier-jit,moments.wasm,7215.2353515625
code_loaded_time,iwasm--multi-tier-jit,lists1.wasm,12865.675390625
code_loaded_time,iwasm--multi-tier-jit,ary2.wasm,12944.59296875
code_loaded_time,iwasm--multi-tier-jit,matrix.wasm,12904.2365234375
code_loaded_time,iwasm--multi-tier-jit,except.wasm,6737.326953125
code_loaded_time,iwasm--multi-tier-jit,random.wasm,12971.2080078125
code_loaded_time,iwasm--multi-tier-jit,nestedloop.wasm,12762.314453125
code_loaded_time,iwasm--multi-tier-jit,ary.wasm,12833.3080078125
code_loaded_time,iwasm--multi-tier-jit,strcat.wasm,12886.1083984375
code_loaded_time,iwasm--multi-tier-jit,hash.wasm,13085.7376953125
code_loaded_time,iwasm--multi-tier-jit,lists.wasm,12934.2044921875
code_loaded_time,iwasm--multi-tier-jit,objinst.wasm,12950.54921875
code_loaded_time,iwasm--multi-tier-jit,ackermann.wasm,12956.171484375
code_loaded_time,iwasm--multi-tier-jit,heapsort.wasm,6676.01015625
code_loaded_time,iwasm--multi-tier-jit,ary3.wasm,12898.8287109375
code_loaded_time,iwasm--multi-tier-jit,sieve.wasm,12834.8802734375
code_loaded_time,iwasm--multi-tier-jit,hash2.wasm,12799.800390625
code_loaded_time,iwasm--multi-tier-jit,fibo.wasm,12755.8244140625
