code_loaded_time,iwasm_aot,methcall.wasm,7914.3099609375
code_loaded_time,iwasm_aot,hello.wasm,7766.5638671875
code_loaded_time,iwasm_aot,moments.wasm,7147.037890625
code_loaded_time,iwasm_aot,lists1.wasm,7885.75234375
code_loaded_time,iwasm_aot,ary2.wasm,7788.7564453125
code_loaded_time,iwasm_aot,matrix.wasm,7835.0658203125
code_loaded_time,iwasm_aot,except.wasm,7132.063671875
code_loaded_time,iwasm_aot,random.wasm,7831.8810546875
code_loaded_time,iwasm_aot,nestedloop.wasm,7869.7728515625
code_loaded_time,iwasm_aot,ary.wasm,7871.290234375
code_loaded_time,iwasm_aot,strcat.wasm,7885.9095703125
code_loaded_time,iwasm_aot,hash.wasm,8996.44140625
code_loaded_time,iwasm_aot,lists.wasm,7792.9005859375
code_loaded_time,iwasm_aot,objinst.wasm,7803.7794921875
code_loaded_time,iwasm_aot,ackermann.wasm,7752.8619140625
code_loaded_time,iwasm_aot,heapsort.wasm,7280.889453125
code_loaded_time,iwasm_aot,ary3.wasm,7777.4892578125
code_loaded_time,iwasm_aot,sieve.wasm,8748.797265625
code_loaded_time,iwasm_aot,hash2.wasm,7903.1857421875
code_loaded_time,iwasm_aot,fibo.wasm,7869.5640625
