total_time,wasmedge_aot,Queens.wasm,25151.4337890625
total_time,wasmedge_aot,Quicksort.wasm,50174.7744140625
total_time,wasmedge_aot,Treesort.wasm,63733.038671875
total_time,wasmedge_aot,IntMM.wasm,14873.603515625
total_time,wasmedge_aot,Perm.wasm,34778.6515625
total_time,wasmedge_aot,RealMM.wasm,14831.0423828125
total_time,wasmedge_aot,Oscar.wasm,15805.1861328125
total_time,wasmedge_aot,Towers.wasm,29335.73359375
total_time,wasmedge_aot,FloatMM.wasm,262432.229296875
total_time,wasmedge_aot,Bubblesort.wasm,35886.861328125
total_time,wasmedge_aot,Puzzle.wasm,82332.7099609375
