total_time,iwasm,Queens.wasm,164279.85703125
total_time,iwasm,Quicksort.wasm,163480.0380859375
total_time,iwasm,Treesort.wasm,193879.024609375
total_time,iwasm,IntMM.wasm,15634.6248046875
total_time,iwasm,Perm.wasm,177201.4205078125
total_time,iwasm,RealMM.wasm,16650.925390625
total_time,iwasm,Oscar.wasm,28097.6435546875
total_time,iwasm,Towers.wasm,181324.8208984375
total_time,iwasm,FloatMM.wasm,3093470.91875
total_time,iwasm,Bubblesort.wasm,219287.25703125
total_time,iwasm,Puzzle.wasm,1061567.3078125
