total_time,iwasm--llvm-jit,Queens.wasm,140065.4453125
total_time,iwasm--llvm-jit,Quicksort.wasm,160670.318359375
total_time,iwasm--llvm-jit,Treesort.wasm,226564.348046875
total_time,iwasm--llvm-jit,IntMM.wasm,102176.389453125
total_time,iwasm--llvm-jit,Perm.wasm,144538.823828125
total_time,iwasm--llvm-jit,RealMM.wasm,154733.5037109375
total_time,iwasm--llvm-jit,Oscar.wasm,175634.3890625
total_time,iwasm--llvm-jit,Towers.wasm,147105.84140625
total_time,iwasm--llvm-jit,FloatMM.wasm,424202.4353515625
total_time,iwasm--llvm-jit,Bubblesort.wasm,148666.509765625
total_time,iwasm--llvm-jit,Puzzle.wasm,206315.3974609375
