total_time,wasm3--compile,Queens.wasm,371610.68671875
total_time,wasm3--compile,Quicksort.wasm,394817.533984375
total_time,wasm3--compile,Treesort.wasm,400835.1376953125
total_time,wasm3--compile,IntMM.wasm,263349.404296875
total_time,wasm3--compile,Perm.wasm,386959.7408203125
total_time,wasm3--compile,RealMM.wasm,263175.5220703125
total_time,wasm3--compile,Oscar.wasm,276540.1435546875
total_time,wasm3--compile,Towers.wasm,388860.609765625
total_time,wasm3--compile,FloatMM.wasm,3622858.4802734377
total_time,wasm3--compile,Bubblesort.wasm,409194.5638671875
total_time,wasm3--compile,Puzzle.wasm,1178258.4169921875
