total_time,wasmer,Queens.wasm,42669.726953125
total_time,wasmer,Quicksort.wasm,67202.754296875
total_time,wasmer,Treesort.wasm,78721.1220703125
total_time,wasmer,IntMM.wasm,21737.14296875
total_time,wasmer,Perm.wasm,43452.064453125
total_time,wasmer,RealMM.wasm,21603.391796875
total_time,wasmer,Oscar.wasm,23734.7306640625
total_time,wasmer,Towers.wasm,38452.1400390625
total_time,wasmer,FloatMM.wasm,334789.9447265625
total_time,wasmer,Bubblesort.wasm,51727.9658203125
total_time,wasmer,Puzzle.wasm,158255.084375
