total_time,wasm3,Queens.wasm,370780.7556640625
total_time,wasm3,Quicksort.wasm,394851.64140625
total_time,wasm3,Treesort.wasm,400281.8462890625
total_time,wasm3,IntMM.wasm,263152.5392578125
total_time,wasm3,Perm.wasm,387670.3771484375
total_time,wasm3,RealMM.wasm,263499.2279296875
total_time,wasm3,Oscar.wasm,275782.456640625
total_time,wasm3,Towers.wasm,384199.4798828125
total_time,wasm3,FloatMM.wasm,3609840.8869140623
total_time,wasm3,Bubblesort.wasm,409861.0794921875
total_time,wasm3,Puzzle.wasm,1179151.759375
