total_time,iwasm_aot,Queens.wasm,18551.285546875
total_time,iwasm_aot,Quicksort.wasm,43336.5462890625
total_time,iwasm_aot,Treesort.wasm,54009.54609375
total_time,iwasm_aot,IntMM.wasm,9610.005078125
total_time,iwasm_aot,Perm.wasm,28347.9486328125
total_time,iwasm_aot,RealMM.wasm,10063.9720703125
total_time,iwasm_aot,Oscar.wasm,10459.7681640625
total_time,iwasm_aot,Towers.wasm,22294.3640625
total_time,iwasm_aot,FloatMM.wasm,253816.3158203125
total_time,iwasm_aot,Bubblesort.wasm,33732.272265625
total_time,iwasm_aot,Puzzle.wasm,76241.38828125
