total_time,iwasm--multi-tier-jit,Queens.wasm,46677.7564453125
total_time,iwasm--multi-tier-jit,Quicksort.wasm,116983.714453125
total_time,iwasm--multi-tier-jit,Treesort.wasm,135967.2966796875
total_time,iwasm--multi-tier-jit,IntMM.wasm,35432.1388671875
total_time,iwasm--multi-tier-jit,Perm.wasm,113195.3759765625
total_time,iwasm--multi-tier-jit,RealMM.wasm,44932.4291015625
total_time,iwasm--multi-tier-jit,Oscar.wasm,48193.6787109375
total_time,iwasm--multi-tier-jit,Towers.wasm,53866.8396484375
total_time,iwasm--multi-tier-jit,FloatMM.wasm,460972.3029296875
total_time,iwasm--multi-tier-jit,Bubblesort.wasm,122471.8111328125
total_time,iwasm--multi-tier-jit,Puzzle.wasm,156397.9423828125
