total_time,wasmtime,Queens.wasm,27997.024609375
total_time,wasmtime,Quicksort.wasm,49667.144921875
total_time,wasmtime,Treesort.wasm,69564.7279296875
total_time,wasmtime,IntMM.wasm,15865.175390625
total_time,wasmtime,Perm.wasm,37350.2193359375
total_time,wasmtime,RealMM.wasm,16300.9025390625
total_time,wasmtime,Oscar.wasm,17147.97421875
total_time,wasmtime,Towers.wasm,29495.2498046875
total_time,wasmtime,FloatMM.wasm,307424.0318359375
total_time,wasmtime,Bubblesort.wasm,44625.091796875
total_time,wasmtime,Puzzle.wasm,118269.48671875
