total_time,iwasm--fast-jit,Queens.wasm,46940.734375
total_time,iwasm--fast-jit,Quicksort.wasm,76926.957421875
total_time,iwasm--fast-jit,Treesort.wasm,97899.2029296875
total_time,iwasm--fast-jit,IntMM.wasm,35667.7037109375
total_time,iwasm--fast-jit,Perm.wasm,57352.4439453125
total_time,iwasm--fast-jit,RealMM.wasm,44756.2638671875
total_time,iwasm--fast-jit,Oscar.wasm,48009.3408203125
total_time,iwasm--fast-jit,Towers.wasm,47782.1478515625
total_time,iwasm--fast-jit,FloatMM.wasm,463980.522265625
total_time,iwasm--fast-jit,Bubblesort.wasm,67583.3466796875
total_time,iwasm--fast-jit,Puzzle.wasm,207033.612109375
