start_time,iwasm--fast-jit,methcall.wasm,6180.121875
start_time,iwasm--fast-jit,hello.wasm,6211.43984375
start_time,iwasm--fast-jit,moments.wasm,6104.8736328125
start_time,iwasm--fast-jit,lists1.wasm,6083.7318359375
start_time,iwasm--fast-jit,ary2.wasm,6167.5974609375
start_time,iwasm--fast-jit,matrix.wasm,6051.6919921875
start_time,iwasm--fast-jit,except.wasm,6130.7455078125
start_time,iwasm--fast-jit,random.wasm,6469.842578125
start_time,iwasm--fast-jit,nestedloop.wasm,6082.1150390625
start_time,iwasm--fast-jit,ary.wasm,6117.106640625
start_time,iwasm--fast-jit,strcat.wasm,6090.0921875
start_time,iwasm--fast-jit,hash.wasm,6130.0244140625
start_time,iwasm--fast-jit,lists.wasm,6079.430859375
start_time,iwasm--fast-jit,objinst.wasm,6199.840625
start_time,iwasm--fast-jit,ackermann.wasm,6163.4375
start_time,iwasm--fast-jit,heapsort.wasm,6161.5638671875
start_time,iwasm--fast-jit,ary3.wasm,6104.5310546875
start_time,iwasm--fast-jit,sieve.wasm,6081.5013671875
start_time,iwasm--fast-jit,hash2.wasm,6168.4064453125
start_time,iwasm--fast-jit,fibo.wasm,6169.3876953125
