start_time,iwasm--multi-tier-jit,methcall.wasm,6082.051171875
start_time,iwasm--multi-tier-jit,hello.wasm,6150.075
start_time,iwasm--multi-tier-jit,moments.wasm,6026.8298828125
start_time,iwasm--multi-tier-jit,lists1.wasm,6134.5576171875
start_time,iwasm--multi-tier-jit,ary2.wasm,6129.0828125
start_time,iwasm--multi-tier-jit,matrix.wasm,6156.9525390625
start_time,iwasm--multi-tier-jit,except.wasm,6184.0185546875
start_time,iwasm--multi-tier-jit,random.wasm,6184.5330078125
start_time,iwasm--multi-tier-jit,nestedloop.wasm,6117.29609375
start_time,iwasm--multi-tier-jit,ary.wasm,6083.5826171875
start_time,iwasm--multi-tier-jit,strcat.wasm,6125.2044921875
start_time,iwasm--multi-tier-jit,hash.wasm,6210.946875
start_time,iwasm--multi-tier-jit,lists.wasm,6113.125390625
start_time,iwasm--multi-tier-jit,objinst.wasm,6160.564453125
start_time,iwasm--multi-tier-jit,ackermann.wasm,6192.632421875
start_time,iwasm--multi-tier-jit,heapsort.wasm,6116.4447265625
start_time,iwasm--multi-tier-jit,ary3.wasm,6140.9732421875
start_time,iwasm--multi-tier-jit,sieve.wasm,6153.8130859375
start_time,iwasm--multi-tier-jit,hash2.wasm,6132.93984375
start_time,iwasm--multi-tier-jit,fibo.wasm,6121.9025390625
