start_time,wasmedge_aot,methcall.wasm,11530.1392578125
start_time,wasmedge_aot,hello.wasm,11503.3984375
start_time,wasmedge_aot,moments.wasm,11520.8373046875
start_time,wasmedge_aot,lists1.wasm,11476.5525390625
start_time,wasmedge_aot,ary2.wasm,11578.0154296875
start_time,wasmedge_aot,matrix.wasm,11500.740625
start_time,wasmedge_aot,except.wasm,11522.3494140625
start_time,wasmedge_aot,random.wasm,11512.7671875
start_time,wasmedge_aot,nestedloop.wasm,11507.0810546875
start_time,wasmedge_aot,ary.wasm,11460.90625
start_time,wasmedge_aot,strcat.wasm,11509.3423828125
start_time,wasmedge_aot,hash.wasm,11546.6576171875
start_time,wasmedge_aot,lists.wasm,11590.7546875
start_time,wasmedge_aot,objinst.wasm,11542.159375
start_time,wasmedge_aot,ackermann.wasm,11526.858984375
start_time,wasmedge_aot,heapsort.wasm,11521.644921875
start_time,wasmedge_aot,ary3.wasm,11485.638671875
start_time,wasmedge_aot,sieve.wasm,11499.964453125
start_time,wasmedge_aot,hash2.wasm,11459.330859375
start_time,wasmedge_aot,fibo.wasm,11477.72578125
