start_time,wasm3,methcall.wasm,1306.410546875
start_time,wasm3,hello.wasm,1271.67734375
start_time,wasm3,moments.wasm,1282.5486328125
start_time,wasm3,lists1.wasm,1315.1021484375
start_time,wasm3,ary2.wasm,1315.1482421875
start_time,wasm3,matrix.wasm,1296.597265625
start_time,wasm3,except.wasm,1191.668359375
start_time,wasm3,random.wasm,1327.5033203125
start_time,wasm3,nestedloop.wasm,1240.7177734375
start_time,wasm3,ary.wasm,1320.60703125
start_time,wasm3,strcat.wasm,1274.7443359375
start_time,wasm3,hash.wasm,1314.8505859375
start_time,wasm3,lists.wasm,1283.989453125
start_time,wasm3,objinst.wasm,1305.3916015625
start_time,wasm3,ackermann.wasm,1324.2197265625
start_time,wasm3,heapsort.wasm,1315.245703125
start_time,wasm3,ary3.wasm,1311.1650390625
start_time,wasm3,sieve.wasm,1281.737109375
start_time,wasm3,hash2.wasm,1220.3052734375
start_time,wasm3,fibo.wasm,1275.901953125
