start_time,wasmer,methcall.wasm,8677.6638671875
start_time,wasmer,hello.wasm,8752.4783203125
start_time,wasmer,moments.wasm,8690.18671875
start_time,wasmer,lists1.wasm,8665.0814453125
start_time,wasmer,ary2.wasm,8732.1759765625
start_time,wasmer,matrix.wasm,8696.353515625
start_time,wasmer,except.wasm,8606.0259765625
start_time,wasmer,random.wasm,8711.1396484375
start_time,wasmer,nestedloop.wasm,8425.9703125
start_time,wasmer,ary.wasm,8796.9439453125
start_time,wasmer,strcat.wasm,8650.95703125
start_time,wasmer,hash.wasm,8732.5775390625
start_time,wasmer,lists.wasm,8771.1748046875
start_time,wasmer,objinst.wasm,8718.3896484375
start_time,wasmer,ackermann.wasm,8732.488671875
start_time,wasmer,heapsort.wasm,8846.4447265625
start_time,wasmer,ary3.wasm,8747.13125
start_time,wasmer,sieve.wasm,8723.4236328125
start_time,wasmer,hash2.wasm,8681.12421875
start_time,wasmer,fibo.wasm,8764.7494140625
