start_time,iwasm--llvm-jit,methcall.wasm,6176.681640625
start_time,iwasm--llvm-jit,hello.wasm,6142.909765625
start_time,iwasm--llvm-jit,moments.wasm,6163.8310546875
start_time,iwasm--llvm-jit,lists1.wasm,6115.5228515625
start_time,iwasm--llvm-jit,ary2.wasm,6143.6580078125
start_time,iwasm--llvm-jit,matrix.wasm,6145.971875
start_time,iwasm--llvm-jit,except.wasm,6143.7798828125
start_time,iwasm--llvm-jit,random.wasm,6142.8076171875
start_time,iwasm--llvm-jit,nestedloop.wasm,6058.8412109375
start_time,iwasm--llvm-jit,ary.wasm,6185.6451171875
start_time,iwasm--llvm-jit,strcat.wasm,6157.959375
start_time,iwasm--llvm-jit,hash.wasm,6078.2970703125
start_time,iwasm--llvm-jit,lists.wasm,6110.944921875
start_time,iwasm--llvm-jit,objinst.wasm,6120.4451171875
start_time,iwasm--llvm-jit,ackermann.wasm,6023.015625
start_time,iwasm--llvm-jit,heapsort.wasm,6098.7884765625
start_time,iwasm--llvm-jit,ary3.wasm,6103.2583984375
start_time,iwasm--llvm-jit,sieve.wasm,6220.9654296875
start_time,iwasm--llvm-jit,hash2.wasm,6045.579296875
start_time,iwasm--llvm-jit,fibo.wasm,6136.3765625
