start_time,wasm3--compile,methcall.wasm,1294.51953125
start_time,wasm3--compile,hello.wasm,1303.5181640625
start_time,wasm3--compile,moments.wasm,1301.17421875
start_time,wasm3--compile,lists1.wasm,1326.2658203125
start_time,wasm3--compile,ary2.wasm,1358.1556640625
start_time,wasm3--compile,matrix.wasm,1289.3328125
start_time,wasm3--compile,except.wasm,1276.7935546875
start_time,wasm3--compile,random.wasm,1329.530078125
start_time,wasm3--compile,nestedloop.wasm,1306.9791015625
start_time,wasm3--compile,ary.wasm,1349.9259765625
start_time,wasm3--compile,strcat.wasm,1295.6111328125
start_time,wasm3--compile,hash.wasm,1307.5962890625
start_time,wasm3--compile,lists.wasm,1285.769921875
start_time,wasm3--compile,objinst.wasm,1241.21015625
start_time,wasm3--compile,ackermann.wasm,1298.3724609375
start_time,wasm3--compile,heapsort.wasm,1334.171484375
start_time,wasm3--compile,ary3.wasm,1334.1837890625
start_time,wasm3--compile,sieve.wasm,1294.1560546875
start_time,wasm3--compile,hash2.wasm,1296.7625
start_time,wasm3--compile,fibo.wasm,1315.4599609375
