start_time,iwasm,methcall.wasm,1230.169140625
start_time,iwasm,hello.wasm,1248.7091796875
start_time,iwasm,moments.wasm,1224.234375
start_time,iwasm,lists1.wasm,1257.6396484375
start_time,iwasm,ary2.wasm,1258.7775390625
start_time,iwasm,matrix.wasm,1230.10859375
start_time,iwasm,except.wasm,1256.038671875
start_time,iwasm,random.wasm,1245.1634765625
start_time,iwasm,nestedloop.wasm,1265.3443359375
start_time,iwasm,ary.wasm,1238.488671875
start_time,iwasm,strcat.wasm,1247.2513671875
start_time,iwasm,hash.wasm,1291.4646484375
start_time,iwasm,lists.wasm,1246.768359375
start_time,iwasm,objinst.wasm,1258.4640625
start_time,iwasm,ackermann.wasm,1154.12578125
start_time,iwasm,heapsort.wasm,1246.2697265625
start_time,iwasm,ary3.wasm,1230.4935546875
start_time,iwasm,sieve.wasm,1231.2791015625
start_time,iwasm,hash2.wasm,1230.677734375
start_time,iwasm,fibo.wasm,1240.000390625
