start_time,iwasm_aot,methcall.wasm,1197.60234375
start_time,iwasm_aot,hello.wasm,1245.386328125
start_time,iwasm_aot,moments.wasm,1251.5919921875
start_time,iwasm_aot,lists1.wasm,1245.17734375
start_time,iwasm_aot,ary2.wasm,1223.284375
start_time,iwasm_aot,matrix.wasm,1250.9697265625
start_time,iwasm_aot,except.wasm,1240.3298828125
start_time,iwasm_aot,random.wasm,1225.2771484375
start_time,iwasm_aot,nestedloop.wasm,1307.0666015625
start_time,iwasm_aot,ary.wasm,1232.82265625
start_time,iwasm_aot,strcat.wasm,1251.833984375
start_time,iwasm_aot,hash.wasm,1297.508203125
start_time,iwasm_aot,lists.wasm,1231.400390625
start_time,iwasm_aot,objinst.wasm,1250.36875
start_time,iwasm_aot,ackermann.wasm,1252.8642578125
start_time,iwasm_aot,heapsort.wasm,1257.8390625
start_time,iwasm_aot,ary3.wasm,1253.741796875
start_time,iwasm_aot,sieve.wasm,1226.5001953125
start_time,iwasm_aot,hash2.wasm,1216.59765625
start_time,iwasm_aot,fibo.wasm,1259.2796875
