start_time,wasmtime,methcall.wasm,5296.38359375
start_time,wasmtime,hello.wasm,5161.072265625
start_time,wasmtime,moments.wasm,5235.3556640625
start_time,wasmtime,lists1.wasm,5249.4822265625
start_time,wasmtime,ary2.wasm,5137.0515625
start_time,wasmtime,matrix.wasm,5179.119140625
start_time,wasmtime,except.wasm,5247.2771484375
start_time,wasmtime,random.wasm,5174.64765625
start_time,wasmtime,nestedloop.wasm,5182.6576171875
start_time,wasmtime,ary.wasm,5269.5927734375
start_time,wasmtime,strcat.wasm,5181.7462890625
start_time,wasmtime,hash.wasm,5107.1841796875
start_time,wasmtime,lists.wasm,5210.4634765625
start_time,wasmtime,objinst.wasm,5205.8638671875
start_time,wasmtime,ackermann.wasm,5248.00625
start_time,wasmtime,heapsort.wasm,5239.600390625
start_time,wasmtime,ary3.wasm,5188.87109375
start_time,wasmtime,sieve.wasm,5263.35546875
start_time,wasmtime,hash2.wasm,5212.5611328125
start_time,wasmtime,fibo.wasm,5195.9318359375
