total_time,iwasm--multi-tier-jit,puzzle.wasm,533894.33671875
total_time,iwasm--multi-tier-jit,n-body.wasm,1139834.3830078125
total_time,iwasm--multi-tier-jit,nsieve-bits.wasm,966606.5450195313
total_time,iwasm--multi-tier-jit,fasta.wasm,2619278.543359375
total_time,iwasm--multi-tier-jit,partialsums.wasm,597470.4150390625
total_time,iwasm--multi-tier-jit,recursive.wasm,53205.3505859375
total_time,iwasm--multi-tier-jit,fannkuch.wasm,3688863.3598632812
total_time,iwasm--multi-tier-jit,spectral-norm.wasm,323647.60234375
