code_loaded_time,iwasm--llvm-jit,puzzle.wasm,66073.15302734375
code_loaded_time,iwasm--llvm-jit,n-body.wasm,55001.4865234375
code_loaded_time,iwasm--llvm-jit,nsieve-bits.wasm,67588.041015625
code_loaded_time,iwasm--llvm-jit,fasta.wasm,50699.423046875
code_loaded_time,iwasm--llvm-jit,partialsums.wasm,71980.836328125
code_loaded_time,iwasm--llvm-jit,recursive.wasm,50703.158984375
code_loaded_time,iwasm--llvm-jit,fannkuch.wasm,59168.68232421875
code_loaded_time,iwasm--llvm-jit,spectral-norm.wasm,59671.51318359375
