code_loaded_time,iwasm--multi-tier-jit,puzzle.wasm,6837.1958984375
code_loaded_time,iwasm--multi-tier-jit,n-body.wasm,15569.67578125
code_loaded_time,iwasm--multi-tier-jit,nsieve-bits.wasm,8611.34482421875
code_loaded_time,iwasm--multi-tier-jit,fasta.wasm,10552.87294921875
code_loaded_time,iwasm--multi-tier-jit,partialsums.wasm,8909.5439453125
code_loaded_time,iwasm--multi-tier-jit,recursive.wasm,10432.2642578125
code_loaded_time,iwasm--multi-tier-jit,fannkuch.wasm,8590.120703125
code_loaded_time,iwasm--multi-tier-jit,spectral-norm.wasm,10688.07138671875
