code_loaded_time,wasm3--compile,puzzle.wasm,239141.86533203124
code_loaded_time,wasm3--compile,n-body.wasm,237342.9380859375
code_loaded_time,wasm3--compile,nsieve-bits.wasm,239833.8046875
code_loaded_time,wasm3--compile,fasta.wasm,238726.5884765625
code_loaded_time,wasm3--compile,partialsums.wasm,241899.07861328125
code_loaded_time,wasm3--compile,recursive.wasm,239795.60087890626
code_loaded_time,wasm3--compile,fannkuch.wasm,251015.92177734376
code_loaded_time,wasm3--compile,spectral-norm.wasm,242614.869921875
