code_loaded_time,iwasm--fast-jit,puzzle.wasm,12111.77578125
code_loaded_time,iwasm--fast-jit,n-body.wasm,10717.9376953125
code_loaded_time,iwasm--fast-jit,nsieve-bits.wasm,8634.159375
code_loaded_time,iwasm--fast-jit,fasta.wasm,13396.415234375
code_loaded_time,iwasm--fast-jit,partialsums.wasm,11293.72890625
code_loaded_time,iwasm--fast-jit,recursive.wasm,8615.0875
code_loaded_time,iwasm--fast-jit,fannkuch.wasm,13745.3861328125
code_loaded_time,iwasm--fast-jit,spectral-norm.wasm,10264.55478515625
