start_time,iwasm--multi-tier-jit,Queens.wasm,6141.873828125
start_time,iwasm--multi-tier-jit,Quicksort.wasm,6228.426171875
start_time,iwasm--multi-tier-jit,Treesort.wasm,6089.1974609375
start_time,iwasm--multi-tier-jit,IntMM.wasm,6143.4142578125
start_time,iwasm--multi-tier-jit,Perm.wasm,6207.6828125
start_time,iwasm--multi-tier-jit,RealMM.wasm,6180.5876953125
start_time,iwasm--multi-tier-jit,Oscar.wasm,6094.337109375
start_time,iwasm--multi-tier-jit,Towers.wasm,6042.9724609375
start_time,iwasm--multi-tier-jit,FloatMM.wasm,6189.0615234375
start_time,iwasm--multi-tier-jit,Bubblesort.wasm,6186.8328125
start_time,iwasm--multi-tier-jit,Puzzle.wasm,6058.9673828125
