start_time,wasm3--compile,Queens.wasm,1413.2615234375
start_time,wasm3--compile,Quicksort.wasm,1310.2482421875
start_time,wasm3--compile,Treesort.wasm,1308.90390625
start_time,wasm3--compile,IntMM.wasm,1223.96015625
start_time,wasm3--compile,Perm.wasm,1317.088671875
start_time,wasm3--compile,RealMM.wasm,1311.05625
start_time,wasm3--compile,Oscar.wasm,1337.9931640625
start_time,wasm3--compile,Towers.wasm,1334.591796875
start_time,wasm3--compile,FloatMM.wasm,1316.2814453125
start_time,wasm3--compile,Bubblesort.wasm,1354.2748046875
start_time,wasm3--compile,Puzzle.wasm,1333.9828125
