start_time,iwasm--llvm-jit,Queens.wasm,6143.89921875
start_time,iwasm--llvm-jit,Quicksort.wasm,6509.66953125
start_time,iwasm--llvm-jit,Treesort.wasm,6114.046484375
start_time,iwasm--llvm-jit,IntMM.wasm,6208.460546875
start_time,iwasm--llvm-jit,Perm.wasm,6153.6009765625
start_time,iwasm--llvm-jit,RealMM.wasm,6094.82421875
start_time,iwasm--llvm-jit,Oscar.wasm,6180.380859375
start_time,iwasm--llvm-jit,Towers.wasm,6097.139453125
start_time,iwasm--llvm-jit,FloatMM.wasm,6023.16953125
start_time,iwasm--llvm-jit,Bubblesort.wasm,6126.6091796875
start_time,iwasm--llvm-jit,Puzzle.wasm,6245.8724609375
