start_time,wasm3,Queens.wasm,1279.8158203125
start_time,wasm3,Quicksort.wasm,1214.8904296875
start_time,wasm3,Treesort.wasm,1306.20390625
start_time,wasm3,IntMM.wasm,1297.96875
start_time,wasm3,Perm.wasm,1301.1072265625
start_time,wasm3,RealMM.wasm,1294.0982421875
start_time,wasm3,Oscar.wasm,1356.7435546875
start_time,wasm3,Towers.wasm,1308.47578125
start_time,wasm3,FloatMM.wasm,1308.6236328125
start_time,wasm3,Bubblesort.wasm,1395.0662109375
start_time,wasm3,Puzzle.wasm,1327.3849609375
