start_time,iwasm--fast-jit,Queens.wasm,6232.1357421875
start_time,iwasm--fast-jit,Quicksort.wasm,5961.5755859375
start_time,iwasm--fast-jit,Treesort.wasm,6155.21171875
start_time,iwasm--fast-jit,IntMM.wasm,6102.2873046875
start_time,iwasm--fast-jit,Perm.wasm,5868.3208984375
start_time,iwasm--fast-jit,RealMM.wasm,6120.7041015625
start_time,iwasm--fast-jit,Oscar.wasm,6123.2826171875
start_time,iwasm--fast-jit,Towers.wasm,5905.6578125
start_time,iwasm--fast-jit,FloatMM.wasm,6164.6291015625
start_time,iwasm--fast-jit,Bubblesort.wasm,6054.7609375
start_time,iwasm--fast-jit,Puzzle.wasm,6053.283203125
