start_time,wasmtime,Queens.wasm,5175.91875
start_time,wasmtime,Quicksort.wasm,4474.709765625
start_time,wasmtime,Treesort.wasm,5333.5728515625
start_time,wasmtime,IntMM.wasm,5178.0556640625
start_time,wasmtime,Perm.wasm,5253.2375
start_time,wasmtime,RealMM.wasm,5122.1658203125
start_time,wasmtime,Oscar.wasm,5229.558984375
start_time,wasmtime,Towers.wasm,5247.488671875
start_time,wasmtime,FloatMM.wasm,5154.9333984375
start_time,wasmtime,Bubblesort.wasm,5251.5037109375
start_time,wasmtime,Puzzle.wasm,5243.3337890625
