start_time,iwasm_aot,Queens.wasm,1239.7451171875
start_time,iwasm_aot,Quicksort.wasm,1263.29609375
start_time,iwasm_aot,Treesort.wasm,1156.9296875
start_time,iwasm_aot,IntMM.wasm,1238.6974609375
start_time,iwasm_aot,Perm.wasm,1261.4673828125
start_time,iwasm_aot,RealMM.wasm,1249.4884765625
start_time,iwasm_aot,Oscar.wasm,1290.8828125
start_time,iwasm_aot,Towers.wasm,1265.5916015625
start_time,iwasm_aot,FloatMM.wasm,1238.1220703125
start_time,iwasm_aot,Bubblesort.wasm,1188.47421875
start_time,iwasm_aot,Puzzle.wasm,1254.344140625
