start_time,wasmer,Queens.wasm,8779.3197265625
start_time,wasmer,Quicksort.wasm,8748.4740234375
start_time,wasmer,Treesort.wasm,8717.6546875
start_time,wasmer,IntMM.wasm,8607.900390625
start_time,wasmer,Perm.wasm,8769.9994140625
start_time,wasmer,RealMM.wasm,8813.6861328125
start_time,wasmer,Oscar.wasm,8726.83125
start_time,wasmer,Towers.wasm,8710.8607421875
start_time,wasmer,FloatMM.wasm,8752.526953125
start_time,wasmer,Bubblesort.wasm,8724.4982421875
start_time,wasmer,Puzzle.wasm,8818.434375
