start_time,wasmedge_aot,Queens.wasm,11547.745703125
start_time,wasmedge_aot,Quicksort.wasm,11514.1490234375
start_time,wasmedge_aot,Treesort.wasm,11528.8380859375
start_time,wasmedge_aot,IntMM.wasm,11472.312109375
start_time,wasmedge_aot,Perm.wasm,11576.405078125
start_time,wasmedge_aot,RealMM.wasm,11524.8400390625
start_time,wasmedge_aot,Oscar.wasm,11559.152734375
start_time,wasmedge_aot,Towers.wasm,11583.0216796875
start_time,wasmedge_aot,FloatMM.wasm,11582.3849609375
start_time,wasmedge_aot,Bubblesort.wasm,11559.0865234375
start_time,wasmedge_aot,Puzzle.wasm,11555.2630859375
