total_time,wasmtime,lu.wasm,43235.85263671875
total_time,wasmtime,gramschmidt.wasm,1251393.83828125
total_time,wasmtime,floyd-warshall.wasm,2976750.0321289063
total_time,wasmtime,bicg.wasm,224318.73818359376
total_time,wasmtime,adi.wasm,1492718.2049804688
total_time,wasmtime,2mm.wasm,10272242.085742187
total_time,wasmtime,fdtd-2d.wasm,676220.1204101562
total_time,wasmtime,syr2k.wasm,5104578.110058594
total_time,wasmtime,gesummv.wasm,280925.8985351563
total_time,wasmtime,atax.wasm,205991.87568359374
total_time,wasmtime,jacobi-2d-imper.wasm,216013.36337890624
total_time,wasmtime,ludcmp.wasm,924839.8408203125
total_time,wasmtime,durbin.wasm,522742.5798828125
total_time,wasmtime,gemver.wasm,494271.12353515625
total_time,wasmtime,syrk.wasm,2565656.863671875
total_time,wasmtime,jacobi-1d-imper.wasm,41615.68681640625
total_time,wasmtime,covariance.wasm,4223025.527246093
total_time,wasmtime,trmm.wasm,1322141.9204101562
total_time,wasmtime,trisolv.wasm,170841.9787109375
total_time,wasmtime,3mm.wasm,14716973.549316406
total_time,wasmtime,doitgen.wasm,677196.136328125
total_time,wasmtime,correlation.wasm,4188104.873046875
total_time,wasmtime,seidel-2d.wasm,472871.9783203125
total_time,wasmtime,mvt.wasm,365598.291015625
total_time,wasmtime,cholesky.wasm,448037.7056640625
total_time,wasmtime,symm.wasm,12634055.428515624
total_time,wasmtime,gemm.wasm,5165049.09453125
total_time,wasmtime,reg_detect.wasm,70247.3501953125
total_time,wasmtime,fdtd-apml.wasm,64055.6732421875
total_time,wasmtime,dynprog.wasm,490725.9384765625
