total_time,iwasm,lu.wasm,62650.29931640625
total_time,iwasm,gramschmidt.wasm,6197335.624804688
total_time,iwasm,floyd-warshall.wasm,41754602.66748047
total_time,iwasm,bicg.wasm,1156437.29921875
total_time,iwasm,adi.wasm,16172177.223046875
total_time,iwasm,2mm.wasm,151036338.6359375
total_time,iwasm,fdtd-2d.wasm,8094923.9150390625
total_time,iwasm,syr2k.wasm,75977255.27666016
total_time,iwasm,gesummv.wasm,1328720.6877929687
total_time,iwasm,atax.wasm,1193971.1409179687
total_time,iwasm,jacobi-2d-imper.wasm,2046089.3736328124
total_time,iwasm,ludcmp.wasm,11553403.236816406
total_time,iwasm,durbin.wasm,1543873.0840820312
total_time,iwasm,gemver.wasm,2542379.8396484377
total_time,iwasm,syrk.wasm,37700367.75029297
total_time,iwasm,jacobi-1d-imper.wasm,94174.40244140624
total_time,iwasm,covariance.wasm,18406489.63808594
total_time,iwasm,trmm.wasm,19291796.262011718
total_time,iwasm,trisolv.wasm,507351.3470703125
total_time,iwasm,3mm.wasm,216941444.99296874
total_time,iwasm,doitgen.wasm,11186704.815527344
total_time,iwasm,correlation.wasm,17799420.784960937
total_time,iwasm,seidel-2d.wasm,1880080.6470703124
total_time,iwasm,mvt.wasm,1564998.289453125
total_time,iwasm,cholesky.wasm,4459660.275585937
total_time,iwasm,symm.wasm,71399206.17578125
total_time,iwasm,gemm.wasm,77600554.36796875
total_time,iwasm,reg_detect.wasm,490712.1521484375
total_time,iwasm,fdtd-apml.wasm,173836.421875
total_time,iwasm,dynprog.wasm,8133824.2453125
