total_time,wasm3--compile,lu.wasm,302325.1885742188
total_time,wasm3--compile,gramschmidt.wasm,4460153.565527344
total_time,wasm3--compile,floyd-warshall.wasm,32359704.472753905
total_time,wasm3--compile,bicg.wasm,1101590.3934570313
total_time,wasm3--compile,adi.wasm,11509673.662597656
total_time,wasm3--compile,2mm.wasm,72187493.45449218
total_time,wasm3--compile,fdtd-2d.wasm,6530247.066601562
total_time,wasm3--compile,syr2k.wasm,50374440.97158203
total_time,wasm3--compile,gesummv.wasm,1186892.498046875
total_time,wasm3--compile,atax.wasm,1119100.988671875
total_time,wasm3--compile,jacobi-2d-imper.wasm,1878519.0234375
total_time,wasm3--compile,ludcmp.wasm,8318452.5810546875
total_time,wasm3--compile,durbin.wasm,1355802.6029296876
total_time,wasm3--compile,gemver.wasm,2078165.7650390626
total_time,wasm3--compile,syrk.wasm,26140913.362304688
total_time,wasm3--compile,jacobi-1d-imper.wasm,325281.98515625
total_time,wasm3--compile,covariance.wasm,14060192.51328125
total_time,wasm3--compile,trmm.wasm,13965929.3359375
total_time,wasm3--compile,trisolv.wasm,613757.1536132812
total_time,wasm3--compile,3mm.wasm,106967000.79394531
total_time,wasm3--compile,doitgen.wasm,6989801.912792969
total_time,wasm3--compile,correlation.wasm,13213344.48828125
total_time,wasm3--compile,seidel-2d.wasm,1453142.3901367188
total_time,wasm3--compile,mvt.wasm,1358729.3725585938
total_time,wasm3--compile,cholesky.wasm,3905874.617578125
total_time,wasm3--compile,symm.wasm,41160461.63144531
total_time,wasm3--compile,gemm.wasm,36777769.47617187
total_time,wasm3--compile,reg_detect.wasm,641443.6392578125
total_time,wasm3--compile,fdtd-apml.wasm,376929.26015625
total_time,wasm3--compile,dynprog.wasm,7259894.515039062
