total_time,iwasm--multi-tier-jit,lu.wasm,78960.936328125
total_time,iwasm--multi-tier-jit,gramschmidt.wasm,1385432.700390625
total_time,iwasm--multi-tier-jit,floyd-warshall.wasm,4934147.058789062
total_time,iwasm--multi-tier-jit,bicg.wasm,241637.966796875
total_time,iwasm--multi-tier-jit,adi.wasm,1920180.405078125
total_time,iwasm--multi-tier-jit,2mm.wasm,25956588.650390625
total_time,iwasm--multi-tier-jit,fdtd-2d.wasm,1022702.8567382812
total_time,iwasm--multi-tier-jit,syr2k.wasm,9160784.259667968
total_time,iwasm--multi-tier-jit,gesummv.wasm,256696.774609375
total_time,iwasm--multi-tier-jit,atax.wasm,243552.53974609374
total_time,iwasm--multi-tier-jit,jacobi-2d-imper.wasm,296492.1453125
total_time,iwasm--multi-tier-jit,ludcmp.wasm,1147818.8083984375
total_time,iwasm--multi-tier-jit,durbin.wasm,364818.859765625
total_time,iwasm--multi-tier-jit,gemver.wasm,429140.380078125
total_time,iwasm--multi-tier-jit,syrk.wasm,4451758.363769531
total_time,iwasm--multi-tier-jit,jacobi-1d-imper.wasm,76161.89560546874
total_time,iwasm--multi-tier-jit,covariance.wasm,2207144.771582031
total_time,iwasm--multi-tier-jit,trmm.wasm,2417762.2924804688
total_time,iwasm--multi-tier-jit,trisolv.wasm,212369.45830078126
total_time,iwasm--multi-tier-jit,3mm.wasm,34369848.38740234
total_time,iwasm--multi-tier-jit,doitgen.wasm,1128377.4915039062
total_time,iwasm--multi-tier-jit,correlation.wasm,1695551.6569335938
total_time,iwasm--multi-tier-jit,seidel-2d.wasm,566423.734375
total_time,iwasm--multi-tier-jit,mvt.wasm,291523.8828125
total_time,iwasm--multi-tier-jit,cholesky.wasm,656212.1318359375
total_time,iwasm--multi-tier-jit,symm.wasm,14434972.571875
total_time,iwasm--multi-tier-jit,gemm.wasm,11968044.083007812
total_time,iwasm--multi-tier-jit,reg_detect.wasm,121866.4822265625
total_time,iwasm--multi-tier-jit,fdtd-apml.wasm,94063.6404296875
total_time,iwasm--multi-tier-jit,dynprog.wasm,1048330.282421875
