total_time,wasm3,lu.wasm,303176.3625
total_time,wasm3,gramschmidt.wasm,4399551.619335937
total_time,wasm3,floyd-warshall.wasm,31797198.709765624
total_time,wasm3,bicg.wasm,1100678.512109375
total_time,wasm3,adi.wasm,11735870.643945312
total_time,wasm3,2mm.wasm,71921745.04902343
total_time,wasm3,fdtd-2d.wasm,6488282.811425781
total_time,wasm3,syr2k.wasm,50378729.803222656
total_time,wasm3,gesummv.wasm,1186439.8512695313
total_time,wasm3,atax.wasm,1118268.8283203125
total_time,wasm3,jacobi-2d-imper.wasm,1902390.65390625
total_time,wasm3,ludcmp.wasm,8346373.49453125
total_time,wasm3,durbin.wasm,1352245.85859375
total_time,wasm3,gemver.wasm,2078013.4073242187
total_time,wasm3,syrk.wasm,26159700.95439453
total_time,wasm3,jacobi-1d-imper.wasm,324803.8788085937
total_time,wasm3,covariance.wasm,14486742.84091797
total_time,wasm3,trmm.wasm,13970172.345605468
total_time,wasm3,trisolv.wasm,613700.0266601562
total_time,wasm3,3mm.wasm,105659823.44931641
total_time,wasm3,doitgen.wasm,7002010.966210937
total_time,wasm3,correlation.wasm,13308421.209765624
total_time,wasm3,seidel-2d.wasm,1452514.537109375
total_time,wasm3,mvt.wasm,1369351.8565429687
total_time,wasm3,cholesky.wasm,3816693.189160156
total_time,wasm3,symm.wasm,40483156.92441406
total_time,wasm3,gemm.wasm,37531938.9078125
total_time,wasm3,reg_detect.wasm,640327.6046875
total_time,wasm3,fdtd-apml.wasm,378193.5609375
total_time,wasm3,dynprog.wasm,7259055.846484375
