total_time,iwasm_aot,lu.wasm,19013.89189453125
total_time,iwasm_aot,gramschmidt.wasm,1001046.71484375
total_time,iwasm_aot,floyd-warshall.wasm,1811573.0315429687
total_time,iwasm_aot,bicg.wasm,126814.179296875
total_time,iwasm_aot,adi.wasm,1503437.633203125
total_time,iwasm_aot,2mm.wasm,11943050.434179688
total_time,iwasm_aot,fdtd-2d.wasm,443190.3314453125
total_time,iwasm_aot,syr2k.wasm,5065586.387792969
total_time,iwasm_aot,gesummv.wasm,137692.86357421876
total_time,iwasm_aot,atax.wasm,107669.84013671875
total_time,iwasm_aot,jacobi-2d-imper.wasm,118716.042578125
total_time,iwasm_aot,ludcmp.wasm,790479.7821289062
total_time,iwasm_aot,durbin.wasm,198012.81796875
total_time,iwasm_aot,gemver.wasm,207498.71728515625
total_time,iwasm_aot,syrk.wasm,2514573.4637695313
total_time,iwasm_aot,jacobi-1d-imper.wasm,20714.43564453125
total_time,iwasm_aot,covariance.wasm,1282817.32734375
total_time,iwasm_aot,trmm.wasm,1296951.0432617187
total_time,iwasm_aot,trisolv.wasm,64846.98115234375
total_time,iwasm_aot,3mm.wasm,17864373.011816405
total_time,iwasm_aot,doitgen.wasm,599123.716015625
total_time,iwasm_aot,correlation.wasm,1221358.4139648438
total_time,iwasm_aot,seidel-2d.wasm,431176.3770507813
total_time,iwasm_aot,mvt.wasm,147054.37626953126
total_time,iwasm_aot,cholesky.wasm,421372.4765625
total_time,iwasm_aot,symm.wasm,8847059.719921876
total_time,iwasm_aot,gemm.wasm,6495129.90703125
total_time,iwasm_aot,reg_detect.wasm,46610.626171875
total_time,iwasm_aot,fdtd-apml.wasm,27513.7126953125
total_time,iwasm_aot,dynprog.wasm,436238.6982421875
