total_time,iwasm--llvm-jit,lu.wasm,321888.9353515625
total_time,iwasm--llvm-jit,gramschmidt.wasm,1223431.3067382812
total_time,iwasm--llvm-jit,floyd-warshall.wasm,2162951.466894531
total_time,iwasm--llvm-jit,bicg.wasm,358015.8029296875
total_time,iwasm--llvm-jit,adi.wasm,1776792.1147460938
total_time,iwasm--llvm-jit,2mm.wasm,14348009.927929688
total_time,iwasm--llvm-jit,fdtd-2d.wasm,745364.9811523438
total_time,iwasm--llvm-jit,syr2k.wasm,5384282.378515625
total_time,iwasm--llvm-jit,gesummv.wasm,459450.80986328126
total_time,iwasm--llvm-jit,atax.wasm,405081.417578125
total_time,iwasm--llvm-jit,jacobi-2d-imper.wasm,433058.5049804688
total_time,iwasm--llvm-jit,ludcmp.wasm,1063430.5673828125
total_time,iwasm--llvm-jit,durbin.wasm,422640.267578125
total_time,iwasm--llvm-jit,gemver.wasm,445461.3018554688
total_time,iwasm--llvm-jit,syrk.wasm,2808363.6408203123
total_time,iwasm--llvm-jit,jacobi-1d-imper.wasm,318802.098046875
total_time,iwasm--llvm-jit,covariance.wasm,1533307.9254882813
total_time,iwasm--llvm-jit,trmm.wasm,1613707.4368164062
total_time,iwasm--llvm-jit,trisolv.wasm,376848.7079101562
total_time,iwasm--llvm-jit,3mm.wasm,19206164.144140624
total_time,iwasm--llvm-jit,doitgen.wasm,917658.46015625
total_time,iwasm--llvm-jit,correlation.wasm,1461368.6512695313
total_time,iwasm--llvm-jit,seidel-2d.wasm,748103.5263671875
total_time,iwasm--llvm-jit,mvt.wasm,379660.6143554688
total_time,iwasm--llvm-jit,cholesky.wasm,692186.7166992187
total_time,iwasm--llvm-jit,symm.wasm,9455341.16015625
total_time,iwasm--llvm-jit,gemm.wasm,6545160.153710937
total_time,iwasm--llvm-jit,reg_detect.wasm,381062.3005859375
total_time,iwasm--llvm-jit,fdtd-apml.wasm,288270.3150390625
total_time,iwasm--llvm-jit,dynprog.wasm,685638.988671875
