total_time,wasmedge_aot,lu.wasm,36527.4173828125
total_time,wasmedge_aot,gramschmidt.wasm,1052911.3323242187
total_time,wasmedge_aot,floyd-warshall.wasm,2066344.9192382812
total_time,wasmedge_aot,bicg.wasm,189943.76044921874
total_time,wasmedge_aot,adi.wasm,1316059.2870117188
total_time,wasmedge_aot,2mm.wasm,9197155.320800781
total_time,wasmedge_aot,fdtd-2d.wasm,495606.6375976562
total_time,wasmedge_aot,syr2k.wasm,5007708.08828125
total_time,wasmedge_aot,gesummv.wasm,248299.85380859376
total_time,wasmedge_aot,atax.wasm,170996.38369140626
total_time,wasmedge_aot,jacobi-2d-imper.wasm,148690.8470703125
total_time,wasmedge_aot,ludcmp.wasm,827024.580078125
total_time,wasmedge_aot,durbin.wasm,483023.747265625
total_time,wasmedge_aot,gemver.wasm,432524.346484375
total_time,wasmedge_aot,syrk.wasm,2515462.800488281
total_time,wasmedge_aot,jacobi-1d-imper.wasm,38108.5587890625
total_time,wasmedge_aot,covariance.wasm,4151471.01875
total_time,wasmedge_aot,trmm.wasm,1293416.9591796875
total_time,wasmedge_aot,trisolv.wasm,128171.17607421875
total_time,wasmedge_aot,3mm.wasm,13639541.35283203
total_time,wasmedge_aot,doitgen.wasm,632968.8083007813
total_time,wasmedge_aot,correlation.wasm,4131850.1313476562
total_time,wasmedge_aot,seidel-2d.wasm,454268.3857421875
total_time,wasmedge_aot,mvt.wasm,335164.41923828126
total_time,wasmedge_aot,cholesky.wasm,430911.74384765624
total_time,wasmedge_aot,symm.wasm,11510596.48125
total_time,wasmedge_aot,gemm.wasm,4650415.294726563
total_time,wasmedge_aot,reg_detect.wasm,62916.7880859375
total_time,wasmedge_aot,fdtd-apml.wasm,52511.3447265625
total_time,wasmedge_aot,dynprog.wasm,434008.730078125
