total_time,iwasm--fast-jit,lu.wasm,81964.26552734376
total_time,iwasm--fast-jit,gramschmidt.wasm,1439372.8090820312
total_time,iwasm--fast-jit,floyd-warshall.wasm,4896393.101171875
total_time,iwasm--fast-jit,bicg.wasm,218442.07216796876
total_time,iwasm--fast-jit,adi.wasm,2221681.026953125
total_time,iwasm--fast-jit,2mm.wasm,23948561.88486328
total_time,iwasm--fast-jit,fdtd-2d.wasm,1137411.6018554687
total_time,iwasm--fast-jit,syr2k.wasm,9188577.760253906
total_time,iwasm--fast-jit,gesummv.wasm,249742.908984375
total_time,iwasm--fast-jit,atax.wasm,229735.18369140624
total_time,iwasm--fast-jit,jacobi-2d-imper.wasm,298788.9326171875
total_time,iwasm--fast-jit,ludcmp.wasm,1405737.8100585938
total_time,iwasm--fast-jit,durbin.wasm,353861.0345703125
total_time,iwasm--fast-jit,gemver.wasm,425336.16171875
total_time,iwasm--fast-jit,syrk.wasm,4444949.271386718
total_time,iwasm--fast-jit,jacobi-1d-imper.wasm,75914.04482421876
total_time,iwasm--fast-jit,covariance.wasm,2197047.7865234376
total_time,iwasm--fast-jit,trmm.wasm,3165552.124609375
total_time,iwasm--fast-jit,trisolv.wasm,156651.4982421875
total_time,iwasm--fast-jit,3mm.wasm,34723957.27324219
total_time,iwasm--fast-jit,doitgen.wasm,1136858.3575195312
total_time,iwasm--fast-jit,correlation.wasm,2177062.328222656
total_time,iwasm--fast-jit,seidel-2d.wasm,566122.0740234375
total_time,iwasm--fast-jit,mvt.wasm,287495.53564453125
total_time,iwasm--fast-jit,cholesky.wasm,653652.9415039063
total_time,iwasm--fast-jit,symm.wasm,15020044.701953124
total_time,iwasm--fast-jit,gemm.wasm,12287226.20703125
total_time,iwasm--fast-jit,reg_detect.wasm,123055.606640625
total_time,iwasm--fast-jit,fdtd-apml.wasm,94869.4869140625
total_time,iwasm--fast-jit,dynprog.wasm,1035374.8201171875
