total_time,wasmer,lu.wasm,44919.171875
total_time,wasmer,gramschmidt.wasm,1270294.2190429687
total_time,wasmer,floyd-warshall.wasm,3274036.4328125
total_time,wasmer,bicg.wasm,189466.87705078124
total_time,wasmer,adi.wasm,1443339.256640625
total_time,wasmer,2mm.wasm,12259324.209570313
total_time,wasmer,fdtd-2d.wasm,663624.1954101563
total_time,wasmer,syr2k.wasm,5065670.123242187
total_time,wasmer,gesummv.wasm,241030.45126953124
total_time,wasmer,atax.wasm,260161.22001953126
total_time,wasmer,jacobi-2d-imper.wasm,180012.165234375
total_time,wasmer,ludcmp.wasm,1032153.0638671875
total_time,wasmer,durbin.wasm,453497.86787109374
total_time,wasmer,gemver.wasm,445640.6955078125
total_time,wasmer,syrk.wasm,2556855.841015625
total_time,wasmer,jacobi-1d-imper.wasm,46196.77294921875
total_time,wasmer,covariance.wasm,4342184.844140625
total_time,wasmer,trmm.wasm,1318311.0158203125
total_time,wasmer,trisolv.wasm,125854.52001953125
total_time,wasmer,3mm.wasm,18140439.848046876
total_time,wasmer,doitgen.wasm,824808.35234375
total_time,wasmer,correlation.wasm,4237049.683203125
total_time,wasmer,seidel-2d.wasm,473084.696484375
total_time,wasmer,mvt.wasm,329821.06884765625
total_time,wasmer,cholesky.wasm,452543.3368164062
total_time,wasmer,symm.wasm,12780431.917285156
total_time,wasmer,gemm.wasm,6263022.45703125
total_time,wasmer,reg_detect.wasm,86677.912890625
total_time,wasmer,fdtd-apml.wasm,60919.09921875
total_time,wasmer,dynprog.wasm,615991.493359375
