aot_compilation_time,wamrc,flops-5.wasm,228382.0513671875
aot_compilation_time,wamrc,whetstone.wasm,327471.86083984375
aot_compilation_time,wamrc,dt.wasm,335603.03193359374
aot_compilation_time,wamrc,revertBits.wasm,144878.61220703126
aot_compilation_time,wamrc,evalloop.wasm,157341.13740234374
aot_compilation_time,wamrc,flops-7.wasm,225047.5232421875
aot_compilation_time,wamrc,mandel-2.wasm,134217.60673828126
aot_compilation_time,wamrc,pi.wasm,219674.296875
aot_compilation_time,wamrc,mandel.wasm,136264.05615234375
aot_compilation_time,wamrc,flops-1.wasm,225582.75546875
aot_compilation_time,wamrc,matmul_f64_4x4.wasm,224417.1994140625
aot_compilation_time,wamrc,himenobmtxpa.wasm,401886.0490234375
aot_compilation_time,wamrc,salsa20.wasm,139025.28076171875
aot_compilation_time,wamrc,lowercase.wasm,132628.79833984375
aot_compilation_time,wamrc,flops-4.wasm,228122.57236328124
aot_compilation_time,wamrc,ffbench.wasm,271519.261328125
aot_compilation_time,wamrc,oourafft.wasm,517883.4197265625
aot_compilation_time,wamrc,flops-2.wasm,226640.56455078124
aot_compilation_time,wamrc,fp-convert.wasm,202911.39150390626
aot_compilation_time,wamrc,richards_benchmark.wasm,259132.15234375
aot_compilation_time,wamrc,flops-3.wasm,226174.56328125
aot_compilation_time,wamrc,flops-8.wasm,226930.0705078125
aot_compilation_time,wamrc,flops-6.wasm,227044.43349609376
