aot_compilation_time,wasmedgec,flops-5.wasm,307962.34814453125
aot_compilation_time,wasmedgec,whetstone.wasm,539536.646484375
aot_compilation_time,wasmedgec,dt.wasm,570474.3672851563
aot_compilation_time,wasmedgec,revertBits.wasm,221299.3419921875
aot_compilation_time,wasmedgec,evalloop.wasm,224266.89169921874
aot_compilation_time,wasmedgec,flops-7.wasm,297755.5541015625
aot_compilation_time,wasmedgec,mandel-2.wasm,202582.36435546874
aot_compilation_time,wasmedgec,pi.wasm,299015.56669921876
aot_compilation_time,wasmedgec,mandel.wasm,205759.03115234376
aot_compilation_time,wasmedgec,flops-1.wasm,301045.49287109374
aot_compilation_time,wasmedgec,matmul_f64_4x4.wasm,325424.55234375
aot_compilation_time,wasmedgec,himenobmtxpa.wasm,1321767.5696289062
aot_compilation_time,wasmedgec,salsa20.wasm,201123.151953125
aot_compilation_time,wasmedgec,lowercase.wasm,189140.90146484374
aot_compilation_time,wasmedgec,flops-4.wasm,300722.40009765624
aot_compilation_time,wasmedgec,ffbench.wasm,470273.59521484375
aot_compilation_time,wasmedgec,oourafft.wasm,827882.5197265625
aot_compilation_time,wasmedgec,flops-2.wasm,302716.5106445312
aot_compilation_time,wasmedgec,fp-convert.wasm,320667.5822265625
aot_compilation_time,wasmedgec,richards_benchmark.wasm,348414.3116210938
aot_compilation_time,wasmedgec,flops-3.wasm,302918.826953125
aot_compilation_time,wasmedgec,flops-8.wasm,298632.20673828124
aot_compilation_time,wasmedgec,flops-6.wasm,300029.087890625
