total_time,wasmer,flops-5.wasm,2656113.621191406
total_time,wasmer,whetstone.wasm,695102.581640625
total_time,wasmer,dt.wasm,321565.387890625
total_time,wasmer,revertBits.wasm,195879.03720703124
total_time,wasmer,evalloop.wasm,1445394.8267578124
total_time,wasmer,flops-7.wasm,979867.0387695313
total_time,wasmer,mandel-2.wasm,619779.6485351563
total_time,wasmer,pi.wasm,441927.1765625
total_time,wasmer,mandel.wasm,707282.1833984375
total_time,wasmer,flops-1.wasm,775334.56796875
total_time,wasmer,matmul_f64_4x4.wasm,1051832.6586914062
total_time,wasmer,himenobmtxpa.wasm,1011322.3401367187
total_time,wasmer,salsa20.wasm,5209195.504199219
total_time,wasmer,lowercase.wasm,19648.67373046875
total_time,wasmer,flops-4.wasm,2300821.170214844
total_time,wasmer,ffbench.wasm,486984.2811523437
total_time,wasmer,oourafft.wasm,3873415.3860351564
total_time,wasmer,flops-2.wasm,398119.94794921874
total_time,wasmer,fp-convert.wasm,3047577.542871094
total_time,wasmer,richards_benchmark.wasm,1061433.129296875
total_time,wasmer,flops-3.wasm,1044575.9778320312
total_time,wasmer,flops-8.wasm,993210.36328125
total_time,wasmer,flops-6.wasm,2621205.1614257814
