total_time,wasmedge_aot,flops-5.wasm,885574.9977539063
total_time,wasmedge_aot,whetstone.wasm,622744.0036132813
total_time,wasmedge_aot,dt.wasm,307487.71728515625
total_time,wasmedge_aot,revertBits.wasm,52890.3458984375
total_time,wasmedge_aot,evalloop.wasm,1261063.2185546875
total_time,wasmedge_aot,flops-7.wasm,526169.50859375
total_time,wasmedge_aot,mandel-2.wasm,620211.1268554687
total_time,wasmedge_aot,pi.wasm,489568.441796875
total_time,wasmedge_aot,mandel.wasm,416413.5448242187
total_time,wasmedge_aot,flops-1.wasm,737240.4168945312
total_time,wasmedge_aot,matmul_f64_4x4.wasm,911481.8751953125
total_time,wasmedge_aot,himenobmtxpa.wasm,572619.8099609375
total_time,wasmedge_aot,salsa20.wasm,4126544.6999023436
total_time,wasmedge_aot,lowercase.wasm,13481.1517578125
total_time,wasmedge_aot,flops-4.wasm,445857.48603515624
total_time,wasmedge_aot,ffbench.wasm,465811.60673828126
total_time,wasmedge_aot,oourafft.wasm,3039072.2940429687
total_time,wasmedge_aot,flops-2.wasm,404943.862890625
total_time,wasmedge_aot,fp-convert.wasm,2194441.1067382814
total_time,wasmedge_aot,richards_benchmark.wasm,2317769.4216796877
total_time,wasmedge_aot,flops-3.wasm,921827.4239257813
total_time,wasmedge_aot,flops-8.wasm,885991.0318359375
total_time,wasmedge_aot,flops-6.wasm,845880.35859375
