total_time,iwasm--llvm-jit,flops-5.wasm,1025294.9602539062
total_time,iwasm--llvm-jit,whetstone.wasm,896927.1538085938
total_time,iwasm--llvm-jit,dt.wasm,567964.452734375
total_time,iwasm--llvm-jit,revertBits.wasm,240569.38408203126
total_time,iwasm--llvm-jit,evalloop.wasm,1261962.7203125
total_time,iwasm--llvm-jit,flops-7.wasm,665350.4270507812
total_time,iwasm--llvm-jit,mandel-2.wasm,733653.4793945312
total_time,iwasm--llvm-jit,pi.wasm,558328.9545898438
total_time,iwasm--llvm-jit,mandel.wasm,548480.8616210937
total_time,iwasm--llvm-jit,flops-1.wasm,888135.4614257812
total_time,iwasm--llvm-jit,matmul_f64_4x4.wasm,1013586.5408203125
total_time,iwasm--llvm-jit,himenobmtxpa.wasm,959489.15234375
total_time,iwasm--llvm-jit,salsa20.wasm,4280985.076757813
total_time,iwasm--llvm-jit,lowercase.wasm,126552.2875
total_time,iwasm--llvm-jit,flops-4.wasm,588642.5688476562
total_time,iwasm--llvm-jit,ffbench.wasm,710885.5522460938
total_time,iwasm--llvm-jit,oourafft.wasm,2962305.0779296877
total_time,iwasm--llvm-jit,flops-2.wasm,545199.037109375
total_time,iwasm--llvm-jit,fp-convert.wasm,1955859.3944335938
total_time,iwasm--llvm-jit,richards_benchmark.wasm,1087110.7129882812
total_time,iwasm--llvm-jit,flops-3.wasm,1093938.9330078126
total_time,iwasm--llvm-jit,flops-8.wasm,1015852.4563476562
total_time,iwasm--llvm-jit,flops-6.wasm,967540.0920898437
