total_time,iwasm_aot,flops-5.wasm,891222.5896484375
total_time,iwasm_aot,whetstone.wasm,619819.4930664062
total_time,iwasm_aot,dt.wasm,302315.7393554688
total_time,iwasm_aot,revertBits.wasm,37186.59794921875
total_time,iwasm_aot,evalloop.wasm,1152864.6440429688
total_time,iwasm_aot,flops-7.wasm,519667.9864257813
total_time,iwasm_aot,mandel-2.wasm,629111.2065429688
total_time,iwasm_aot,pi.wasm,409782.1869140625
total_time,iwasm_aot,mandel.wasm,381232.83515625
total_time,iwasm_aot,flops-1.wasm,732905.6500976563
total_time,iwasm_aot,matmul_f64_4x4.wasm,802883.968359375
total_time,iwasm_aot,himenobmtxpa.wasm,638930.1993164063
total_time,iwasm_aot,salsa20.wasm,3938437.5607421873
total_time,iwasm_aot,lowercase.wasm,8837.82978515625
total_time,iwasm_aot,flops-4.wasm,427883.9005859375
total_time,iwasm_aot,ffbench.wasm,490012.55830078124
total_time,iwasm_aot,oourafft.wasm,2683244.002246094
total_time,iwasm_aot,flops-2.wasm,400184.7451171875
total_time,iwasm_aot,fp-convert.wasm,1859978.1985351562
total_time,iwasm_aot,richards_benchmark.wasm,740103.8112304688
total_time,iwasm_aot,flops-3.wasm,938285.8338867187
total_time,iwasm_aot,flops-8.wasm,890766.972265625
total_time,iwasm_aot,flops-6.wasm,863800.3331054688
