total_time,iwasm,flops-5.wasm,9017042.9828125
total_time,iwasm,whetstone.wasm,4410197.119433594
total_time,iwasm,dt.wasm,3470701.1125
total_time,iwasm,revertBits.wasm,2594691.9752929686
total_time,iwasm,evalloop.wasm,12399559.95078125
total_time,iwasm,flops-7.wasm,3630973.443066406
total_time,iwasm,mandel-2.wasm,3596557.408105469
total_time,iwasm,pi.wasm,1821396.7599609375
total_time,iwasm,mandel.wasm,4834224.282714844
total_time,iwasm,flops-1.wasm,8424549.283105468
total_time,iwasm,matmul_f64_4x4.wasm,10654146.5203125
total_time,iwasm,himenobmtxpa.wasm,8413464.05361328
total_time,iwasm,salsa20.wasm,62709152.89199219
total_time,iwasm,lowercase.wasm,9309.60908203125
total_time,iwasm,flops-4.wasm,4904354.653515625
total_time,iwasm,ffbench.wasm,3396734.1740234373
total_time,iwasm,oourafft.wasm,52700197.56689453
total_time,iwasm,flops-2.wasm,1688299.7544921874
total_time,iwasm,fp-convert.wasm,31455493.973339844
total_time,iwasm,richards_benchmark.wasm,7623797.440722656
total_time,iwasm,flops-3.wasm,11287338.408203125
total_time,iwasm,flops-8.wasm,9348657.077929687
total_time,iwasm,flops-6.wasm,8374320.23828125
