total_time,wasmtime,flops-5.wasm,1187095.528125
total_time,wasmtime,whetstone.wasm,661134.6494140625
total_time,wasmtime,dt.wasm,311006.3953125
total_time,wasmtime,revertBits.wasm,185800.57294921874
total_time,wasmtime,evalloop.wasm,2772668.1866210937
total_time,wasmtime,flops-7.wasm,1521049.8192382813
total_time,wasmtime,mandel-2.wasm,624733.6573242188
total_time,wasmtime,pi.wasm,427998.6209960937
total_time,wasmtime,mandel.wasm,512522.88017578126
total_time,wasmtime,flops-1.wasm,855601.9140625
total_time,wasmtime,matmul_f64_4x4.wasm,1052545.2029296875
total_time,wasmtime,himenobmtxpa.wasm,1039225.74296875
total_time,wasmtime,salsa20.wasm,5162649.2294921875
total_time,wasmtime,lowercase.wasm,14800.38154296875
total_time,wasmtime,flops-4.wasm,627867.4583984375
total_time,wasmtime,ffbench.wasm,474938.669140625
total_time,wasmtime,oourafft.wasm,3323630.089941406
total_time,wasmtime,flops-2.wasm,411538.4444335938
total_time,wasmtime,fp-convert.wasm,2557060.34609375
total_time,wasmtime,richards_benchmark.wasm,955590.3405273438
total_time,wasmtime,flops-3.wasm,1352436.3875
total_time,wasmtime,flops-8.wasm,1245959.932421875
total_time,wasmtime,flops-6.wasm,1160448.0850585937
