total_time,wasm3--compile,flops-5.wasm,4341583.575488281
total_time,wasm3--compile,whetstone.wasm,3328407.04453125
total_time,wasm3--compile,dt.wasm,2685908.304980469
total_time,wasm3--compile,revertBits.wasm,2201323.2528320313
total_time,wasm3--compile,evalloop.wasm,12311161.793261718
total_time,wasm3--compile,flops-7.wasm,2509086.734472656
total_time,wasm3--compile,mandel-2.wasm,3010724.894921875
total_time,wasm3--compile,pi.wasm,1859480.9239257812
total_time,wasm3--compile,mandel.wasm,3655056.7411132813
total_time,wasm3--compile,flops-1.wasm,5024388.030859375
total_time,wasm3--compile,matmul_f64_4x4.wasm,8795668.418945312
total_time,wasm3--compile,himenobmtxpa.wasm,6565391.545410156
total_time,wasm3--compile,salsa20.wasm,50198762.85341797
total_time,wasm3--compile,lowercase.wasm,265419.96826171875
total_time,wasm3--compile,flops-4.wasm,2820095.530957031
total_time,wasm3--compile,ffbench.wasm,2626229.3489257814
total_time,wasm3--compile,oourafft.wasm,40624709.29853515
total_time,wasm3--compile,flops-2.wasm,1510650.6583007812
total_time,wasm3--compile,fp-convert.wasm,24183226.011132814
total_time,wasm3--compile,richards_benchmark.wasm,5916781.895996094
total_time,wasm3--compile,flops-3.wasm,5883195.391503906
total_time,wasm3--compile,flops-8.wasm,4648705.194921875
total_time,wasm3--compile,flops-6.wasm,4394735.032324219
