total_time,iwasm--multi-tier-jit,flops-5.wasm,3051574.4552734373
total_time,iwasm--multi-tier-jit,whetstone.wasm,839844.776953125
total_time,iwasm--multi-tier-jit,dt.wasm,426116.35185546876
total_time,iwasm--multi-tier-jit,revertBits.wasm,245544.1859375
total_time,iwasm--multi-tier-jit,evalloop.wasm,2137754.541308594
total_time,iwasm--multi-tier-jit,flops-7.wasm,2880254.8818359375
total_time,iwasm--multi-tier-jit,mandel-2.wasm,1302620.0700195313
total_time,iwasm--multi-tier-jit,pi.wasm,879701.2186523437
total_time,iwasm--multi-tier-jit,mandel.wasm,845789.9258789063
total_time,iwasm--multi-tier-jit,flops-1.wasm,4250842.34765625
total_time,iwasm--multi-tier-jit,matmul_f64_4x4.wasm,3638996.3959960938
total_time,iwasm--multi-tier-jit,himenobmtxpa.wasm,1156812.6541992188
total_time,iwasm--multi-tier-jit,salsa20.wasm,5128478.189355468
total_time,iwasm--multi-tier-jit,lowercase.wasm,33325.9556640625
total_time,iwasm--multi-tier-jit,flops-4.wasm,2760164.384667969
total_time,iwasm--multi-tier-jit,ffbench.wasm,546088.8563476562
total_time,iwasm--multi-tier-jit,oourafft.wasm,3375296.1455078125
total_time,iwasm--multi-tier-jit,flops-2.wasm,1052468.9309570312
total_time,iwasm--multi-tier-jit,fp-convert.wasm,4378005.046289062
total_time,iwasm--multi-tier-jit,richards_benchmark.wasm,1336285.505078125
total_time,iwasm--multi-tier-jit,flops-3.wasm,2663882.638964844
total_time,iwasm--multi-tier-jit,flops-8.wasm,1819602.5040039062
total_time,iwasm--multi-tier-jit,flops-6.wasm,1831353.4504882812
