total_time,iwasm--fast-jit,flops-5.wasm,3077461.4526367188
total_time,iwasm--fast-jit,whetstone.wasm,1192028.7053710937
total_time,iwasm--fast-jit,dt.wasm,433279.0233398437
total_time,iwasm--fast-jit,revertBits.wasm,247254.026953125
total_time,iwasm--fast-jit,evalloop.wasm,2151368.36640625
total_time,iwasm--fast-jit,flops-7.wasm,2894418.9513671873
total_time,iwasm--fast-jit,mandel-2.wasm,1311215.6454101563
total_time,iwasm--fast-jit,pi.wasm,886207.6555664062
total_time,iwasm--fast-jit,mandel.wasm,945740.2608398438
total_time,iwasm--fast-jit,flops-1.wasm,4267731.434667969
total_time,iwasm--fast-jit,matmul_f64_4x4.wasm,3659388.398730469
total_time,iwasm--fast-jit,himenobmtxpa.wasm,1168723.1706054688
total_time,iwasm--fast-jit,salsa20.wasm,7901424.870214844
total_time,iwasm--fast-jit,lowercase.wasm,33498.405078125
total_time,iwasm--fast-jit,flops-4.wasm,2774697.8607421876
total_time,iwasm--fast-jit,ffbench.wasm,668212.1482421875
total_time,iwasm--fast-jit,oourafft.wasm,8149709.93046875
total_time,iwasm--fast-jit,flops-2.wasm,1057647.4818359376
total_time,iwasm--fast-jit,fp-convert.wasm,4399605.858789062
total_time,iwasm--fast-jit,richards_benchmark.wasm,1373339.0434570312
total_time,iwasm--fast-jit,flops-3.wasm,2681567.6388671873
total_time,iwasm--fast-jit,flops-8.wasm,1826401.7180664062
total_time,iwasm--fast-jit,flops-6.wasm,1840517.15625
