total_time,wasm3,flops-5.wasm,4346599.415332031
total_time,wasm3,whetstone.wasm,3278598.1161132813
total_time,wasm3,dt.wasm,2689340.0158203123
total_time,wasm3,revertBits.wasm,2198032.1862304686
total_time,wasm3,evalloop.wasm,12289761.78251953
total_time,wasm3,flops-7.wasm,2565542.3385742186
total_time,wasm3,mandel-2.wasm,3011475.968457031
total_time,wasm3,pi.wasm,1857278.8899414062
total_time,wasm3,mandel.wasm,3641893.2706054687
total_time,wasm3,flops-1.wasm,5030936.9609375
total_time,wasm3,matmul_f64_4x4.wasm,9055582.605664063
total_time,wasm3,himenobmtxpa.wasm,6749699.0515625
total_time,wasm3,salsa20.wasm,50774818.05390625
total_time,wasm3,lowercase.wasm,264231.01728515624
total_time,wasm3,flops-4.wasm,2821691.1994140623
total_time,wasm3,ffbench.wasm,2617084.7016601562
total_time,wasm3,oourafft.wasm,40851639.49765625
total_time,wasm3,flops-2.wasm,1504719.9118164063
total_time,wasm3,fp-convert.wasm,24243268.96875
total_time,wasm3,richards_benchmark.wasm,5840990.301660156
total_time,wasm3,flops-3.wasm,5888831.332421875
total_time,wasm3,flops-8.wasm,4650747.163183594
total_time,wasm3,flops-6.wasm,4392901.683398438
