aot_compilation_time,wamrc,Queens.wasm,147975.611328125
aot_compilation_time,wamrc,Quicksort.wasm,142552.6763671875
aot_compilation_time,wamrc,Treesort.wasm,197352.7814453125
aot_compilation_time,wamrc,IntMM.wasm,139192.2560546875
aot_compilation_time,wamrc,Perm.wasm,138176.8306640625
aot_compilation_time,wamrc,RealMM.wasm,211966.206640625
aot_compilation_time,wamrc,Oscar.wasm,229039.49296875
aot_compilation_time,wamrc,Towers.wasm,143950.297265625
aot_compilation_time,wamrc,FloatMM.wasm,211592.2427734375
aot_compilation_time,wamrc,Bubblesort.wasm,145143.51015625
aot_compilation_time,wamrc,Puzzle.wasm,174383.493359375
