aot_compilation_time,wasmedgec,Queens.wasm,194504.265625
aot_compilation_time,wasmedgec,Quicksort.wasm,189798.5986328125
aot_compilation_time,wasmedgec,Treesort.wasm,273182.19140625
aot_compilation_time,wasmedgec,IntMM.wasm,196177.7919921875
aot_compilation_time,wasmedgec,Perm.wasm,185581.15390625
aot_compilation_time,wasmedgec,RealMM.wasm,320253.246875
aot_compilation_time,wasmedgec,Oscar.wasm,339813.005078125
aot_compilation_time,wasmedgec,Towers.wasm,192255.1306640625
aot_compilation_time,wasmedgec,FloatMM.wasm,317162.838671875
aot_compilation_time,wasmedgec,Bubblesort.wasm,191147.2146484375
aot_compilation_time,wasmedgec,Puzzle.wasm,226624.8697265625
