code_execution_time,iwasm_aot,Queens.wasm,10192.640234375
code_execution_time,iwasm_aot,Quicksort.wasm,34999.2173828125
code_execution_time,iwasm_aot,Treesort.wasm,45907.9513671875
code_execution_time,iwasm_aot,IntMM.wasm,1172.098828125
code_execution_time,iwasm_aot,Perm.wasm,19934.8974609375
code_execution_time,iwasm_aot,RealMM.wasm,1519.1765625
code_execution_time,iwasm_aot,Oscar.wasm,2080.507421875
code_execution_time,iwasm_aot,Towers.wasm,13848.619140625
code_execution_time,iwasm_aot,FloatMM.wasm,245431.4541015625
code_execution_time,iwasm_aot,Bubblesort.wasm,25305.896875
code_execution_time,iwasm_aot,Puzzle.wasm,67848.3439453125
