code_execution_time,iwasm,Queens.wasm,155601.5775390625
code_execution_time,iwasm,Quicksort.wasm,154798.370703125
code_execution_time,iwasm,Treesort.wasm,184985.8771484375
code_execution_time,iwasm,IntMM.wasm,7024.43671875
code_execution_time,iwasm,Perm.wasm,168494.6529296875
code_execution_time,iwasm,RealMM.wasm,7831.041796875
code_execution_time,iwasm,Oscar.wasm,19242.3453125
code_execution_time,iwasm,Towers.wasm,172650.5810546875
code_execution_time,iwasm,FloatMM.wasm,3084785.7751953127
code_execution_time,iwasm,Bubblesort.wasm,210600.6966796875
code_execution_time,iwasm,Puzzle.wasm,1052758.0203125
