code_execution_time,iwasm--llvm-jit,Queens.wasm,98910.1181640625
code_execution_time,iwasm--llvm-jit,Quicksort.wasm,117967.2677734375
code_execution_time,iwasm--llvm-jit,Treesort.wasm,172314.203125
code_execution_time,iwasm--llvm-jit,IntMM.wasm,62246.0162109375
code_execution_time,iwasm--llvm-jit,Perm.wasm,104366.71640625
code_execution_time,iwasm--llvm-jit,RealMM.wasm,102945.0896484375
code_execution_time,iwasm--llvm-jit,Oscar.wasm,120486.7578125
code_execution_time,iwasm--llvm-jit,Towers.wasm,105780.7693359375
code_execution_time,iwasm--llvm-jit,FloatMM.wasm,372463.051953125
code_execution_time,iwasm--llvm-jit,Bubblesort.wasm,107493.221484375
code_execution_time,iwasm--llvm-jit,Puzzle.wasm,159791.71953125
