code_execution_time,iwasm--multi-tier-jit,Queens.wasm,33958.74296875
code_execution_time,iwasm--multi-tier-jit,Quicksort.wasm,103976.0458984375
code_execution_time,iwasm--multi-tier-jit,Treesort.wasm,123145.41796875
code_execution_time,iwasm--multi-tier-jit,IntMM.wasm,22660.7236328125
code_execution_time,iwasm--multi-tier-jit,Perm.wasm,100157.0787109375
code_execution_time,iwasm--multi-tier-jit,RealMM.wasm,32022.35546875
code_execution_time,iwasm--multi-tier-jit,Oscar.wasm,35331.64375
code_execution_time,iwasm--multi-tier-jit,Towers.wasm,41144.87421875
code_execution_time,iwasm--multi-tier-jit,FloatMM.wasm,448070.38359375
code_execution_time,iwasm--multi-tier-jit,Bubblesort.wasm,109580.397265625
code_execution_time,iwasm--multi-tier-jit,Puzzle.wasm,142211.1244140625
