code_execution_time,wasmtime,Queens.wasm,13771.1171875
code_execution_time,wasmtime,Quicksort.wasm,36186.8310546875
code_execution_time,wasmtime,Treesort.wasm,54705.57734375
code_execution_time,wasmtime,IntMM.wasm,1726.291796875
code_execution_time,wasmtime,Perm.wasm,23114.8626953125
code_execution_time,wasmtime,RealMM.wasm,1957.4267578125
code_execution_time,wasmtime,Oscar.wasm,2586.1658203125
code_execution_time,wasmtime,Towers.wasm,14839.6158203125
code_execution_time,wasmtime,FloatMM.wasm,293078.2060546875
code_execution_time,wasmtime,Bubblesort.wasm,30555.946875
code_execution_time,wasmtime,Puzzle.wasm,104053.6630859375
