code_execution_time,wasmer,Queens.wasm,22759.525390625
code_execution_time,wasmer,Quicksort.wasm,48474.4009765625
code_execution_time,wasmer,Treesort.wasm,60203.780078125
code_execution_time,wasmer,IntMM.wasm,1706.873046875
code_execution_time,wasmer,Perm.wasm,24441.7466796875
code_execution_time,wasmer,RealMM.wasm,2158.2490234375
code_execution_time,wasmer,Oscar.wasm,3647.2353515625
code_execution_time,wasmer,Towers.wasm,18234.803515625
code_execution_time,wasmer,FloatMM.wasm,315516.6505859375
code_execution_time,wasmer,Bubblesort.wasm,33138.690625
code_execution_time,wasmer,Puzzle.wasm,139075.4603515625
