code_execution_time,wasm3--compile,Queens.wasm,143327.400390625
code_execution_time,wasm3--compile,Quicksort.wasm,167342.3951171875
code_execution_time,wasm3--compile,Treesort.wasm,173710.714453125
code_execution_time,wasm3--compile,IntMM.wasm,36244.7810546875
code_execution_time,wasm3--compile,Perm.wasm,159607.223828125
code_execution_time,wasm3--compile,RealMM.wasm,36000.2625
code_execution_time,wasm3--compile,Oscar.wasm,48315.6447265625
code_execution_time,wasm3--compile,Towers.wasm,160637.461328125
code_execution_time,wasm3--compile,FloatMM.wasm,3395168.4501953125
code_execution_time,wasm3--compile,Bubblesort.wasm,181136.0724609375
code_execution_time,wasm3--compile,Puzzle.wasm,950152.36640625
