code_execution_time,wasmedge_aot,Queens.wasm,12844.4564453125
code_execution_time,wasmedge_aot,Quicksort.wasm,37903.050390625
code_execution_time,wasmedge_aot,Treesort.wasm,51428.5904296875
code_execution_time,wasmedge_aot,IntMM.wasm,2603.576953125
code_execution_time,wasmedge_aot,Perm.wasm,22444.3689453125
code_execution_time,wasmedge_aot,RealMM.wasm,2516.9296875
code_execution_time,wasmedge_aot,Oscar.wasm,3465.7724609375
code_execution_time,wasmedge_aot,Towers.wasm,16975.441796875
code_execution_time,wasmedge_aot,FloatMM.wasm,250070.13984375
code_execution_time,wasmedge_aot,Bubblesort.wasm,23563.9755859375
code_execution_time,wasmedge_aot,Puzzle.wasm,69987.387890625
