code_execution_time,wasm3,Queens.wasm,143843.156640625
code_execution_time,wasm3,Quicksort.wasm,166765.359765625
code_execution_time,wasm3,Treesort.wasm,173678.5720703125
code_execution_time,wasm3,IntMM.wasm,36353.275390625
code_execution_time,wasm3,Perm.wasm,160454.0333984375
code_execution_time,wasm3,RealMM.wasm,36381.891015625
code_execution_time,wasm3,Oscar.wasm,48269.0916015625
code_execution_time,wasm3,Towers.wasm,156570.400390625
code_execution_time,wasm3,FloatMM.wasm,3382702.9765625
code_execution_time,wasm3,Bubblesort.wasm,181599.194140625
code_execution_time,wasm3,Puzzle.wasm,951303.1259765625
