code_execution_time,iwasm--fast-jit,Queens.wasm,34059.485546875
code_execution_time,iwasm--fast-jit,Quicksort.wasm,64190.80625
code_execution_time,iwasm--fast-jit,Treesort.wasm,85033.85
code_execution_time,iwasm--fast-jit,IntMM.wasm,22900.7119140625
code_execution_time,iwasm--fast-jit,Perm.wasm,44799.4087890625
code_execution_time,iwasm--fast-jit,RealMM.wasm,31996.53828125
code_execution_time,iwasm--fast-jit,Oscar.wasm,35047.2892578125
code_execution_time,iwasm--fast-jit,Towers.wasm,35139.9955078125
code_execution_time,iwasm--fast-jit,FloatMM.wasm,450964.133203125
code_execution_time,iwasm--fast-jit,Bubblesort.wasm,54799.6376953125
code_execution_time,iwasm--fast-jit,Puzzle.wasm,194336.759765625
