aot_compilation_time,wamrc,methcall.wasm,179339.5693359375
aot_compilation_time,wamrc,hello.wasm,45092.805078125
aot_compilation_time,wamrc,matrix.wasm,221567.5779296875
aot_compilation_time,wamrc,fib2.wasm,127423.020703125
aot_compilation_time,wamrc,random.wasm,203043.4791015625
aot_compilation_time,wamrc,nestedloop.wasm,128062.9642578125
aot_compilation_time,wamrc,strcat.wasm,309250.086328125
aot_compilation_time,wamrc,hash.wasm,292229.5099609375
aot_compilation_time,wamrc,lists.wasm,259797.6845703125
aot_compilation_time,wamrc,objinst.wasm,163724.1673828125
aot_compilation_time,wamrc,ackermann.wasm,129738.5470703125
aot_compilation_time,wamrc,heapsort.wasm,325677.4619140625
aot_compilation_time,wamrc,ary3.wasm,247229.627734375
aot_compilation_time,wamrc,sieve.wasm,133837.765625
