aot_compilation_time,wasmedgec,methcall.wasm,248397.694140625
aot_compilation_time,wasmedgec,hello.wasm,59254.1974609375
aot_compilation_time,wasmedgec,matrix.wasm,327996.8921875
aot_compilation_time,wasmedgec,fib2.wasm,189277.012890625
aot_compilation_time,wasmedgec,random.wasm,315610.9037109375
aot_compilation_time,wasmedgec,nestedloop.wasm,189253.645703125
aot_compilation_time,wasmedgec,strcat.wasm,422107.317578125
aot_compilation_time,wasmedgec,hash.wasm,395584.228515625
aot_compilation_time,wasmedgec,lists.wasm,364861.6431640625
aot_compilation_time,wasmedgec,objinst.wasm,230428.42890625
aot_compilation_time,wasmedgec,ackermann.wasm,189847.543359375
aot_compilation_time,wasmedgec,heapsort.wasm,478375.9365234375
aot_compilation_time,wasmedgec,ary3.wasm,356327.425390625
aot_compilation_time,wasmedgec,sieve.wasm,190981.7166015625
