start_time,iwasm--multi-tier-jit,puzzle.wasm,5880.07607421875
start_time,iwasm--multi-tier-jit,n-body.wasm,7671.94453125
start_time,iwasm--multi-tier-jit,nsieve-bits.wasm,6214.66044921875
start_time,iwasm--multi-tier-jit,fasta.wasm,6665.6373046875
start_time,iwasm--multi-tier-jit,partialsums.wasm,5921.14462890625
start_time,iwasm--multi-tier-jit,recursive.wasm,6685.81640625
start_time,iwasm--multi-tier-jit,fannkuch.wasm,6899.57646484375
start_time,iwasm--multi-tier-jit,spectral-norm.wasm,6111.01064453125
