start_time,iwasm,flops-5.wasm,1306.11328125
start_time,iwasm,whetstone.wasm,1265.852734375
start_time,iwasm,dt.wasm,1377.62041015625
start_time,iwasm,revertBits.wasm,1264.283984375
start_time,iwasm,evalloop.wasm,1284.5869140625
start_time,iwasm,flops-7.wasm,1286.971484375
start_time,iwasm,mandel-2.wasm,1252.71181640625
start_time,iwasm,pi.wasm,1264.7251953125
start_time,iwasm,mandel.wasm,1253.64755859375
start_time,iwasm,flops-1.wasm,1170.90849609375
start_time,iwasm,matmul_f64_4x4.wasm,1286.17197265625
start_time,iwasm,himenobmtxpa.wasm,1276.70498046875
start_time,iwasm,salsa20.wasm,1370.3578125
start_time,iwasm,lowercase.wasm,1250.3283203125
start_time,iwasm,flops-4.wasm,1278.49130859375
start_time,iwasm,ffbench.wasm,1264.315234375
start_time,iwasm,oourafft.wasm,1370.40771484375
start_time,iwasm,flops-2.wasm,1160.57783203125
start_time,iwasm,fp-convert.wasm,1373.14482421875
start_time,iwasm,richards_benchmark.wasm,1290.39326171875
start_time,iwasm,flops-3.wasm,1349.716796875
start_time,iwasm,flops-8.wasm,1210.9126953125
start_time,iwasm,flops-6.wasm,1290.30224609375
