start_time,wasm3--compile,flops-5.wasm,1338.52451171875
start_time,wasm3--compile,whetstone.wasm,1200.63701171875
start_time,wasm3--compile,dt.wasm,1343.2396484375
start_time,wasm3--compile,revertBits.wasm,1317.16484375
start_time,wasm3--compile,evalloop.wasm,1409.79755859375
start_time,wasm3--compile,flops-7.wasm,1314.365234375
start_time,wasm3--compile,mandel-2.wasm,1309.97646484375
start_time,wasm3--compile,pi.wasm,1214.1865234375
start_time,wasm3--compile,mandel.wasm,1331.28798828125
start_time,wasm3--compile,flops-1.wasm,1408.15947265625
start_time,wasm3--compile,matmul_f64_4x4.wasm,1330.73623046875
start_time,wasm3--compile,himenobmtxpa.wasm,1342.49169921875
start_time,wasm3--compile,salsa20.wasm,1451.52197265625
start_time,wasm3--compile,lowercase.wasm,1236.98935546875
start_time,wasm3--compile,flops-4.wasm,1333.23466796875
start_time,wasm3--compile,ffbench.wasm,1302.47822265625
start_time,wasm3--compile,oourafft.wasm,1410.15224609375
start_time,wasm3--compile,flops-2.wasm,1317.58720703125
start_time,wasm3--compile,fp-convert.wasm,1412.40029296875
start_time,wasm3--compile,richards_benchmark.wasm,1329.87275390625
start_time,wasm3--compile,flops-3.wasm,1214.04306640625
start_time,wasm3--compile,flops-8.wasm,1333.68828125
start_time,wasm3--compile,flops-6.wasm,1158.530859375
