start_time,iwasm--fast-jit,flops-5.wasm,8596.1462890625
start_time,iwasm--fast-jit,whetstone.wasm,5443.01357421875
start_time,iwasm--fast-jit,dt.wasm,5746.53203125
start_time,iwasm--fast-jit,revertBits.wasm,5721.93271484375
start_time,iwasm--fast-jit,evalloop.wasm,5673.0505859375
start_time,iwasm--fast-jit,flops-7.wasm,5381.644140625
start_time,iwasm--fast-jit,mandel-2.wasm,5742.13740234375
start_time,iwasm--fast-jit,pi.wasm,5693.94296875
start_time,iwasm--fast-jit,mandel.wasm,5439.60244140625
start_time,iwasm--fast-jit,flops-1.wasm,5675.33212890625
start_time,iwasm--fast-jit,matmul_f64_4x4.wasm,5496.3142578125
start_time,iwasm--fast-jit,himenobmtxpa.wasm,5410.04990234375
start_time,iwasm--fast-jit,salsa20.wasm,6443.54208984375
start_time,iwasm--fast-jit,lowercase.wasm,5689.929296875
start_time,iwasm--fast-jit,flops-4.wasm,5829.22705078125
start_time,iwasm--fast-jit,ffbench.wasm,5415.4533203125
start_time,iwasm--fast-jit,oourafft.wasm,5694.78359375
start_time,iwasm--fast-jit,flops-2.wasm,5703.89482421875
start_time,iwasm--fast-jit,fp-convert.wasm,5777.28310546875
start_time,iwasm--fast-jit,richards_benchmark.wasm,5680.24541015625
start_time,iwasm--fast-jit,flops-3.wasm,5780.540234375
start_time,iwasm--fast-jit,flops-8.wasm,5427.75146484375
start_time,iwasm--fast-jit,flops-6.wasm,5713.35625
