start_time,iwasm--llvm-jit,flops-5.wasm,6022.64833984375
start_time,iwasm--llvm-jit,whetstone.wasm,5323.484765625
start_time,iwasm--llvm-jit,dt.wasm,5373.9693359375
start_time,iwasm--llvm-jit,revertBits.wasm,5311.2212890625
start_time,iwasm--llvm-jit,evalloop.wasm,5750.3734375
start_time,iwasm--llvm-jit,flops-7.wasm,5662.23564453125
start_time,iwasm--llvm-jit,mandel-2.wasm,5731.60078125
start_time,iwasm--llvm-jit,pi.wasm,5383.19501953125
start_time,iwasm--llvm-jit,mandel.wasm,5644.19150390625
start_time,iwasm--llvm-jit,flops-1.wasm,5748.1693359375
start_time,iwasm--llvm-jit,matmul_f64_4x4.wasm,5397.53759765625
start_time,iwasm--llvm-jit,himenobmtxpa.wasm,5423.54443359375
start_time,iwasm--llvm-jit,salsa20.wasm,5718.4947265625
start_time,iwasm--llvm-jit,lowercase.wasm,5659.60615234375
start_time,iwasm--llvm-jit,flops-4.wasm,5365.830078125
start_time,iwasm--llvm-jit,ffbench.wasm,5127.43505859375
start_time,iwasm--llvm-jit,oourafft.wasm,5365.80146484375
start_time,iwasm--llvm-jit,flops-2.wasm,5403.133984375
start_time,iwasm--llvm-jit,fp-convert.wasm,5492.22490234375
start_time,iwasm--llvm-jit,richards_benchmark.wasm,5681.5583984375
start_time,iwasm--llvm-jit,flops-3.wasm,5462.2408203125
start_time,iwasm--llvm-jit,flops-8.wasm,5437.56826171875
start_time,iwasm--llvm-jit,flops-6.wasm,5325.96357421875
