start_time,iwasm_aot,flops-5.wasm,1264.95244140625
start_time,iwasm_aot,whetstone.wasm,1203.1994140625
start_time,iwasm_aot,dt.wasm,1170.3109375
start_time,iwasm_aot,revertBits.wasm,1258.78056640625
start_time,iwasm_aot,evalloop.wasm,1013.537890625
start_time,iwasm_aot,flops-7.wasm,1173.5744140625
start_time,iwasm_aot,mandel-2.wasm,1182.82470703125
start_time,iwasm_aot,pi.wasm,1159.0701171875
start_time,iwasm_aot,mandel.wasm,1263.65615234375
start_time,iwasm_aot,flops-1.wasm,1171.68525390625
start_time,iwasm_aot,matmul_f64_4x4.wasm,1264.5955078125
start_time,iwasm_aot,himenobmtxpa.wasm,1275.57060546875
start_time,iwasm_aot,salsa20.wasm,1271.7318359375
start_time,iwasm_aot,lowercase.wasm,1256.76923828125
start_time,iwasm_aot,flops-4.wasm,1254.12783203125
start_time,iwasm_aot,ffbench.wasm,1264.40498046875
start_time,iwasm_aot,oourafft.wasm,1278.37744140625
start_time,iwasm_aot,flops-2.wasm,1264.86337890625
start_time,iwasm_aot,fp-convert.wasm,1273.602734375
start_time,iwasm_aot,richards_benchmark.wasm,1267.53818359375
start_time,iwasm_aot,flops-3.wasm,1193.3390625
start_time,iwasm_aot,flops-8.wasm,1282.20126953125
start_time,iwasm_aot,flops-6.wasm,1269.71904296875
