start_time,wasmedge_aot,flops-5.wasm,11132.97353515625
start_time,wasmedge_aot,whetstone.wasm,12840.810546875
start_time,wasmedge_aot,dt.wasm,11028.9453125
start_time,wasmedge_aot,revertBits.wasm,11257.35
start_time,wasmedge_aot,evalloop.wasm,11220.51689453125
start_time,wasmedge_aot,flops-7.wasm,11237.376171875
start_time,wasmedge_aot,mandel-2.wasm,11246.02783203125
start_time,wasmedge_aot,pi.wasm,10639.67685546875
start_time,wasmedge_aot,mandel.wasm,11245.6841796875
start_time,wasmedge_aot,flops-1.wasm,11256.22255859375
start_time,wasmedge_aot,matmul_f64_4x4.wasm,10879.7271484375
start_time,wasmedge_aot,himenobmtxpa.wasm,11258.8525390625
start_time,wasmedge_aot,salsa20.wasm,11306.2517578125
start_time,wasmedge_aot,lowercase.wasm,10884.7669921875
start_time,wasmedge_aot,flops-4.wasm,10926.6345703125
start_time,wasmedge_aot,ffbench.wasm,10852.35947265625
start_time,wasmedge_aot,oourafft.wasm,11168.54501953125
start_time,wasmedge_aot,flops-2.wasm,11196.91005859375
start_time,wasmedge_aot,fp-convert.wasm,12883.6421875
start_time,wasmedge_aot,richards_benchmark.wasm,10893.205859375
start_time,wasmedge_aot,flops-3.wasm,11309.10419921875
start_time,wasmedge_aot,flops-8.wasm,11197.59482421875
start_time,wasmedge_aot,flops-6.wasm,10833.829296875
