start_time,wasmtime,flops-5.wasm,4972.70458984375
start_time,wasmtime,whetstone.wasm,4336.4326171875
start_time,wasmtime,dt.wasm,4455.37587890625
start_time,wasmtime,revertBits.wasm,4802.940234375
start_time,wasmtime,evalloop.wasm,4704.34873046875
start_time,wasmtime,flops-7.wasm,4805.2755859375
start_time,wasmtime,mandel-2.wasm,4790.700390625
start_time,wasmtime,pi.wasm,4299.29345703125
start_time,wasmtime,mandel.wasm,4409.6275390625
start_time,wasmtime,flops-1.wasm,4411.4654296875
start_time,wasmtime,matmul_f64_4x4.wasm,4481.89189453125
start_time,wasmtime,himenobmtxpa.wasm,4177.184375
start_time,wasmtime,salsa20.wasm,4778.57958984375
start_time,wasmtime,lowercase.wasm,4819.64365234375
start_time,wasmtime,flops-4.wasm,4830.27177734375
start_time,wasmtime,ffbench.wasm,4894.92939453125
start_time,wasmtime,oourafft.wasm,4771.6357421875
start_time,wasmtime,flops-2.wasm,4448.8984375
start_time,wasmtime,fp-convert.wasm,4777.48564453125
start_time,wasmtime,richards_benchmark.wasm,4769.47294921875
start_time,wasmtime,flops-3.wasm,4730.92294921875
start_time,wasmtime,flops-8.wasm,4470.89501953125
start_time,wasmtime,flops-6.wasm,4742.8751953125
