start_time,iwasm--multi-tier-jit,flops-5.wasm,5422.74619140625
start_time,iwasm--multi-tier-jit,whetstone.wasm,5684.5076171875
start_time,iwasm--multi-tier-jit,dt.wasm,5672.12275390625
start_time,iwasm--multi-tier-jit,revertBits.wasm,5778.13408203125
start_time,iwasm--multi-tier-jit,evalloop.wasm,6089.99013671875
start_time,iwasm--multi-tier-jit,flops-7.wasm,5361.99462890625
start_time,iwasm--multi-tier-jit,mandel-2.wasm,5272.512109375
start_time,iwasm--multi-tier-jit,pi.wasm,5798.30791015625
start_time,iwasm--multi-tier-jit,mandel.wasm,5735.9572265625
start_time,iwasm--multi-tier-jit,flops-1.wasm,5918.15009765625
start_time,iwasm--multi-tier-jit,matmul_f64_4x4.wasm,5781.44169921875
start_time,iwasm--multi-tier-jit,himenobmtxpa.wasm,5368.40205078125
start_time,iwasm--multi-tier-jit,salsa20.wasm,5768.21669921875
start_time,iwasm--multi-tier-jit,lowercase.wasm,5413.12939453125
start_time,iwasm--multi-tier-jit,flops-4.wasm,5627.55966796875
start_time,iwasm--multi-tier-jit,ffbench.wasm,5633.53955078125
start_time,iwasm--multi-tier-jit,oourafft.wasm,5061.62109375
start_time,iwasm--multi-tier-jit,flops-2.wasm,5693.0412109375
start_time,iwasm--multi-tier-jit,fp-convert.wasm,6052.25654296875
start_time,iwasm--multi-tier-jit,richards_benchmark.wasm,5410.1404296875
start_time,iwasm--multi-tier-jit,flops-3.wasm,5399.050390625
start_time,iwasm--multi-tier-jit,flops-8.wasm,5405.319921875
start_time,iwasm--multi-tier-jit,flops-6.wasm,5503.20810546875
