start_time,wasmer,flops-5.wasm,8093.8927734375
start_time,wasmer,whetstone.wasm,8129.2392578125
start_time,wasmer,dt.wasm,8415.16650390625
start_time,wasmer,revertBits.wasm,7889.2765625
start_time,wasmer,evalloop.wasm,8409.123828125
start_time,wasmer,flops-7.wasm,8084.07666015625
start_time,wasmer,mandel-2.wasm,8320.9990234375
start_time,wasmer,pi.wasm,8396.2890625
start_time,wasmer,mandel.wasm,8417.180078125
start_time,wasmer,flops-1.wasm,8031.64658203125
start_time,wasmer,matmul_f64_4x4.wasm,8008.734765625
start_time,wasmer,himenobmtxpa.wasm,8107.60029296875
start_time,wasmer,salsa20.wasm,8496.34833984375
start_time,wasmer,lowercase.wasm,8366.10390625
start_time,wasmer,flops-4.wasm,8052.19013671875
start_time,wasmer,ffbench.wasm,8623.11591796875
start_time,wasmer,oourafft.wasm,8486.99951171875
start_time,wasmer,flops-2.wasm,8427.1794921875
start_time,wasmer,fp-convert.wasm,8478.8458984375
start_time,wasmer,richards_benchmark.wasm,8314.04248046875
start_time,wasmer,flops-3.wasm,8039.61005859375
start_time,wasmer,flops-8.wasm,7996.9755859375
start_time,wasmer,flops-6.wasm,8465.18662109375
