start_time,wasm3,flops-5.wasm,1399.4845703125
start_time,wasm3,whetstone.wasm,1322.24462890625
start_time,wasm3,dt.wasm,1218.747265625
start_time,wasm3,revertBits.wasm,1332.13974609375
start_time,wasm3,evalloop.wasm,1341.48984375
start_time,wasm3,flops-7.wasm,1311.22568359375
start_time,wasm3,mandel-2.wasm,1338.1423828125
start_time,wasm3,pi.wasm,1245.95234375
start_time,wasm3,mandel.wasm,1322.3689453125
start_time,wasm3,flops-1.wasm,1280.51201171875
start_time,wasm3,matmul_f64_4x4.wasm,1333.869140625
start_time,wasm3,himenobmtxpa.wasm,1323.3103515625
start_time,wasm3,salsa20.wasm,1427.1615234375
start_time,wasm3,lowercase.wasm,1329.44091796875
start_time,wasm3,flops-4.wasm,1324.19853515625
start_time,wasm3,ffbench.wasm,1221.98515625
start_time,wasm3,oourafft.wasm,1400.7396484375
start_time,wasm3,flops-2.wasm,1300.7375
start_time,wasm3,fp-convert.wasm,1420.4982421875
start_time,wasm3,richards_benchmark.wasm,1315.96044921875
start_time,wasm3,flops-3.wasm,1213.35693359375
start_time,wasm3,flops-8.wasm,1407.7302734375
start_time,wasm3,flops-6.wasm,1324.55302734375
