aot_compilation_time,wamrc,lu.wasm,393559.7567382812
aot_compilation_time,wamrc,gramschmidt.wasm,420950.27734375
aot_compilation_time,wamrc,floyd-warshall.wasm,384822.055078125
aot_compilation_time,wamrc,bicg.wasm,389266.694140625
aot_compilation_time,wamrc,adi.wasm,399498.68408203125
aot_compilation_time,wamrc,2mm.wasm,395099.35859375
aot_compilation_time,wamrc,fdtd-2d.wasm,410818.5333007813
aot_compilation_time,wamrc,syr2k.wasm,385566.29462890624
aot_compilation_time,wamrc,gesummv.wasm,380981.961328125
aot_compilation_time,wamrc,atax.wasm,384123.0361328125
aot_compilation_time,wamrc,jacobi-2d-imper.wasm,401365.57275390625
aot_compilation_time,wamrc,ludcmp.wasm,404872.19287109375
aot_compilation_time,wamrc,durbin.wasm,406652.76328125
aot_compilation_time,wamrc,gemver.wasm,401359.328515625
aot_compilation_time,wamrc,syrk.wasm,387996.2830078125
aot_compilation_time,wamrc,jacobi-1d-imper.wasm,380008.64873046876
aot_compilation_time,wamrc,covariance.wasm,399467.6943359375
aot_compilation_time,wamrc,trmm.wasm,388474.46845703124
aot_compilation_time,wamrc,trisolv.wasm,382863.62060546875
aot_compilation_time,wamrc,3mm.wasm,412095.9158203125
aot_compilation_time,wamrc,doitgen.wasm,402056.8018554688
aot_compilation_time,wamrc,correlation.wasm,390703.9658203125
aot_compilation_time,wamrc,seidel-2d.wasm,388622.5720703125
aot_compilation_time,wamrc,mvt.wasm,395707.0801757813
aot_compilation_time,wamrc,cholesky.wasm,404073.6075195313
aot_compilation_time,wamrc,symm.wasm,384357.7931640625
aot_compilation_time,wamrc,gemm.wasm,385615.7001953125
aot_compilation_time,wamrc,reg_detect.wasm,678442.959765625
aot_compilation_time,wamrc,fdtd-apml.wasm,449275.1361328125
aot_compilation_time,wamrc,dynprog.wasm,390977.3224609375
