aot_compilation_time,wasmedgec,lu.wasm,560863.0888671875
aot_compilation_time,wasmedgec,gramschmidt.wasm,740673.3157226562
aot_compilation_time,wasmedgec,floyd-warshall.wasm,572361.2591796875
aot_compilation_time,wasmedgec,bicg.wasm,569226.4458984375
aot_compilation_time,wasmedgec,adi.wasm,617295.3387695312
aot_compilation_time,wasmedgec,2mm.wasm,635729.635546875
aot_compilation_time,wasmedgec,fdtd-2d.wasm,725797.6727539062
aot_compilation_time,wasmedgec,syr2k.wasm,612616.797265625
aot_compilation_time,wasmedgec,gesummv.wasm,549277.6350585937
aot_compilation_time,wasmedgec,atax.wasm,568653.31328125
aot_compilation_time,wasmedgec,jacobi-2d-imper.wasm,678218.4458984375
aot_compilation_time,wasmedgec,ludcmp.wasm,590566.4216796875
aot_compilation_time,wasmedgec,durbin.wasm,607583.0370117187
aot_compilation_time,wasmedgec,gemver.wasm,642801.4274414063
aot_compilation_time,wasmedgec,syrk.wasm,601437.2193359375
aot_compilation_time,wasmedgec,jacobi-1d-imper.wasm,545394.8754882812
aot_compilation_time,wasmedgec,covariance.wasm,656296.8725585938
aot_compilation_time,wasmedgec,trmm.wasm,549790.8202148437
aot_compilation_time,wasmedgec,trisolv.wasm,540167.7430664062
aot_compilation_time,wasmedgec,3mm.wasm,696688.127734375
aot_compilation_time,wasmedgec,doitgen.wasm,646189.4826171875
aot_compilation_time,wasmedgec,correlation.wasm,588649.7571289062
aot_compilation_time,wasmedgec,seidel-2d.wasm,573269.059375
aot_compilation_time,wasmedgec,mvt.wasm,590073.5775390625
aot_compilation_time,wasmedgec,cholesky.wasm,603206.5044921875
aot_compilation_time,wasmedgec,symm.wasm,565189.501953125
aot_compilation_time,wasmedgec,gemm.wasm,573765.145703125
aot_compilation_time,wasmedgec,reg_detect.wasm,4077597.3021484376
aot_compilation_time,wasmedgec,fdtd-apml.wasm,790149.08515625
aot_compilation_time,wasmedgec,dynprog.wasm,588351.2953125
