aot_compilation_time,wasmedgec,puzzle.wasm,359853.1666015625
aot_compilation_time,wasmedgec,n-body.wasm,639188.2249023437
aot_compilation_time,wasmedgec,nsieve-bits.wasm,329380.735546875
aot_compilation_time,wasmedgec,fasta.wasm,212825.725
aot_compilation_time,wasmedgec,partialsums.wasm,531018.7211914062
aot_compilation_time,wasmedgec,recursive.wasm,340125.50947265624
aot_compilation_time,wasmedgec,fannkuch.wasm,322342.75390625
aot_compilation_time,wasmedgec,spectral-norm.wasm,3004946.7056640624
