code_execution_time,iwasm--fast-jit,lu.wasm,68806.358203125
code_execution_time,iwasm--fast-jit,gramschmidt.wasm,1426326.149609375
code_execution_time,iwasm--fast-jit,floyd-warshall.wasm,4883217.328320312
code_execution_time,iwasm--fast-jit,bicg.wasm,205317.41650390625
code_execution_time,iwasm--fast-jit,adi.wasm,2208695.833886719
code_execution_time,iwasm--fast-jit,2mm.wasm,23935372.25576172
code_execution_time,iwasm--fast-jit,fdtd-2d.wasm,1124300.5584960938
code_execution_time,iwasm--fast-jit,syr2k.wasm,9175399.864648437
code_execution_time,iwasm--fast-jit,gesummv.wasm,236625.93525390624
code_execution_time,iwasm--fast-jit,atax.wasm,216679.27109375
code_execution_time,iwasm--fast-jit,jacobi-2d-imper.wasm,285688.2357421875
code_execution_time,iwasm--fast-jit,ludcmp.wasm,1392657.598046875
code_execution_time,iwasm--fast-jit,durbin.wasm,340771.6255859375
code_execution_time,iwasm--fast-jit,gemver.wasm,412084.75732421875
code_execution_time,iwasm--fast-jit,syrk.wasm,4431882.779296875
code_execution_time,iwasm--fast-jit,jacobi-1d-imper.wasm,62978.04794921875
code_execution_time,iwasm--fast-jit,covariance.wasm,2184089.1099609374
code_execution_time,iwasm--fast-jit,trmm.wasm,3152399.5922851562
code_execution_time,iwasm--fast-jit,trisolv.wasm,143621.96513671876
code_execution_time,iwasm--fast-jit,3mm.wasm,34710704.64951172
code_execution_time,iwasm--fast-jit,doitgen.wasm,1123685.4650390625
code_execution_time,iwasm--fast-jit,correlation.wasm,2163848.5831054687
code_execution_time,iwasm--fast-jit,seidel-2d.wasm,553004.8288085938
code_execution_time,iwasm--fast-jit,mvt.wasm,274470.44091796875
code_execution_time,iwasm--fast-jit,cholesky.wasm,640669.5372070313
code_execution_time,iwasm--fast-jit,symm.wasm,15006956.811523438
code_execution_time,iwasm--fast-jit,gemm.wasm,12273985.188671876
code_execution_time,iwasm--fast-jit,reg_detect.wasm,109836.2298828125
code_execution_time,iwasm--fast-jit,fdtd-apml.wasm,81576.6095703125
code_execution_time,iwasm--fast-jit,dynprog.wasm,1022318.2021484375
