code_execution_time,wasmer,lu.wasm,22178.8693359375
code_execution_time,wasmer,gramschmidt.wasm,1249065.5095703125
code_execution_time,wasmer,floyd-warshall.wasm,3253360.8875976563
code_execution_time,wasmer,bicg.wasm,168246.4953125
code_execution_time,wasmer,adi.wasm,1420279.0702148438
code_execution_time,wasmer,2mm.wasm,12238851.806933593
code_execution_time,wasmer,fdtd-2d.wasm,642636.5890625
code_execution_time,wasmer,syr2k.wasm,5044585.972363281
code_execution_time,wasmer,gesummv.wasm,220542.2279296875
code_execution_time,wasmer,atax.wasm,238691.44208984374
code_execution_time,wasmer,jacobi-2d-imper.wasm,159090.50732421875
code_execution_time,wasmer,ludcmp.wasm,1011055.699609375
code_execution_time,wasmer,durbin.wasm,432318.13623046875
code_execution_time,wasmer,gemver.wasm,424218.3111328125
code_execution_time,wasmer,syrk.wasm,2534535.500390625
code_execution_time,wasmer,jacobi-1d-imper.wasm,25189.25712890625
code_execution_time,wasmer,covariance.wasm,4320830.554980469
code_execution_time,wasmer,trmm.wasm,1297026.7876953124
code_execution_time,wasmer,trisolv.wasm,105141.96572265626
code_execution_time,wasmer,3mm.wasm,18117809.1703125
code_execution_time,wasmer,doitgen.wasm,803285.0311523437
code_execution_time,wasmer,correlation.wasm,4215177.929003906
code_execution_time,wasmer,seidel-2d.wasm,451712.6104492188
code_execution_time,wasmer,mvt.wasm,308872.9727539063
code_execution_time,wasmer,cholesky.wasm,431036.8232421875
code_execution_time,wasmer,symm.wasm,12759830.005566407
code_execution_time,wasmer,gemm.wasm,6242173.5875
code_execution_time,wasmer,reg_detect.wasm,59674.5251953125
code_execution_time,wasmer,fdtd-apml.wasm,39180.5830078125
code_execution_time,wasmer,dynprog.wasm,594918.7005859375
