code_execution_time,wasm3,lu.wasm,71734.83115234374
code_execution_time,wasm3,gramschmidt.wasm,4165796.1823242186
code_execution_time,wasm3,floyd-warshall.wasm,31565878.499023438
code_execution_time,wasm3,bicg.wasm,869101.379296875
code_execution_time,wasm3,adi.wasm,11504682.3171875
code_execution_time,wasm3,2mm.wasm,71690578.17910156
code_execution_time,wasm3,fdtd-2d.wasm,6257279.5478515625
code_execution_time,wasm3,syr2k.wasm,50147775.007910155
code_execution_time,wasm3,gesummv.wasm,954803.528125
code_execution_time,wasm3,atax.wasm,886335.9249023438
code_execution_time,wasm3,jacobi-2d-imper.wasm,1670810.78046875
code_execution_time,wasm3,ludcmp.wasm,8114059.932226563
code_execution_time,wasm3,durbin.wasm,1121182.9676757813
code_execution_time,wasm3,gemver.wasm,1846638.8865234375
code_execution_time,wasm3,syrk.wasm,25928023.362109374
code_execution_time,wasm3,jacobi-1d-imper.wasm,94031.99609375
code_execution_time,wasm3,covariance.wasm,14255399.93466797
code_execution_time,wasm3,trmm.wasm,13738635.671289062
code_execution_time,wasm3,trisolv.wasm,382991.0236328125
code_execution_time,wasm3,3mm.wasm,105429313.725
code_execution_time,wasm3,doitgen.wasm,6770540.927148437
code_execution_time,wasm3,correlation.wasm,13077340.15361328
code_execution_time,wasm3,seidel-2d.wasm,1221853.0928710937
code_execution_time,wasm3,mvt.wasm,1138172.19140625
code_execution_time,wasm3,cholesky.wasm,3583476.6665039062
code_execution_time,wasm3,symm.wasm,40252666.88808594
code_execution_time,wasm3,gemm.wasm,37299916.21777344
code_execution_time,wasm3,reg_detect.wasm,409766.5662109375
code_execution_time,wasm3,fdtd-apml.wasm,147017.5703125
code_execution_time,wasm3,dynprog.wasm,7028554.827929688
