code_execution_time,iwasm--multi-tier-jit,lu.wasm,65880.6966796875
code_execution_time,iwasm--multi-tier-jit,gramschmidt.wasm,1372363.9642578126
code_execution_time,iwasm--multi-tier-jit,floyd-warshall.wasm,4921290.905078125
code_execution_time,iwasm--multi-tier-jit,bicg.wasm,226556.92275390626
code_execution_time,iwasm--multi-tier-jit,adi.wasm,1907163.3696289062
code_execution_time,iwasm--multi-tier-jit,2mm.wasm,25943561.895996094
code_execution_time,iwasm--multi-tier-jit,fdtd-2d.wasm,1009624.6560546875
code_execution_time,iwasm--multi-tier-jit,syr2k.wasm,9147661.607519532
code_execution_time,iwasm--multi-tier-jit,gesummv.wasm,243596.02958984376
code_execution_time,iwasm--multi-tier-jit,atax.wasm,230336.240625
code_execution_time,iwasm--multi-tier-jit,jacobi-2d-imper.wasm,283284.587890625
code_execution_time,iwasm--multi-tier-jit,ludcmp.wasm,1134641.0047851563
code_execution_time,iwasm--multi-tier-jit,durbin.wasm,349743.6639648437
code_execution_time,iwasm--multi-tier-jit,gemver.wasm,416211.3827148437
code_execution_time,iwasm--multi-tier-jit,syrk.wasm,4438721.031347657
code_execution_time,iwasm--multi-tier-jit,jacobi-1d-imper.wasm,62965.15556640625
code_execution_time,iwasm--multi-tier-jit,covariance.wasm,2194031.314160156
code_execution_time,iwasm--multi-tier-jit,trmm.wasm,2404743.2599609373
code_execution_time,iwasm--multi-tier-jit,trisolv.wasm,199409.9041015625
code_execution_time,iwasm--multi-tier-jit,3mm.wasm,34356670.35273437
code_execution_time,iwasm--multi-tier-jit,doitgen.wasm,1115175.6330078125
code_execution_time,iwasm--multi-tier-jit,correlation.wasm,1682571.1547851562
code_execution_time,iwasm--multi-tier-jit,seidel-2d.wasm,553204.8915039062
code_execution_time,iwasm--multi-tier-jit,mvt.wasm,278616.05419921875
code_execution_time,iwasm--multi-tier-jit,cholesky.wasm,643023.4609375
code_execution_time,iwasm--multi-tier-jit,symm.wasm,14421828.13046875
code_execution_time,iwasm--multi-tier-jit,gemm.wasm,11955019.13671875
code_execution_time,iwasm--multi-tier-jit,reg_detect.wasm,108696.429296875
code_execution_time,iwasm--multi-tier-jit,fdtd-apml.wasm,80932.8314453125
code_execution_time,iwasm--multi-tier-jit,dynprog.wasm,1035217.319921875
