code_execution_time,iwasm_aot,lu.wasm,10588.34658203125
code_execution_time,iwasm_aot,gramschmidt.wasm,992661.946875
code_execution_time,iwasm_aot,floyd-warshall.wasm,1803072.5439453125
code_execution_time,iwasm_aot,bicg.wasm,118410.96845703125
code_execution_time,iwasm_aot,adi.wasm,1494932.4028320312
code_execution_time,iwasm_aot,2mm.wasm,11934592.627050782
code_execution_time,iwasm_aot,fdtd-2d.wasm,434656.26708984375
code_execution_time,iwasm_aot,syr2k.wasm,5057141.576171875
code_execution_time,iwasm_aot,gesummv.wasm,129188.73818359376
code_execution_time,iwasm_aot,atax.wasm,99325.02314453125
code_execution_time,iwasm_aot,jacobi-2d-imper.wasm,110165.80517578125
code_execution_time,iwasm_aot,ludcmp.wasm,782046.90078125
code_execution_time,iwasm_aot,durbin.wasm,189464.34921875
code_execution_time,iwasm_aot,gemver.wasm,199019.7498046875
code_execution_time,iwasm_aot,syrk.wasm,2506076.6814453127
code_execution_time,iwasm_aot,jacobi-1d-imper.wasm,12276.1982421875
code_execution_time,iwasm_aot,covariance.wasm,1274376.0963867188
code_execution_time,iwasm_aot,trmm.wasm,1288576.9861328125
code_execution_time,iwasm_aot,trisolv.wasm,56336.54326171875
code_execution_time,iwasm_aot,3mm.wasm,17856086.989355467
code_execution_time,iwasm_aot,doitgen.wasm,590727.7818359375
code_execution_time,iwasm_aot,correlation.wasm,1212929.6877929687
code_execution_time,iwasm_aot,seidel-2d.wasm,422741.75810546876
code_execution_time,iwasm_aot,mvt.wasm,138484.8052734375
code_execution_time,iwasm_aot,cholesky.wasm,412804.3646484375
code_execution_time,iwasm_aot,symm.wasm,8838574.607226562
code_execution_time,iwasm_aot,gemm.wasm,6486739.437109375
code_execution_time,iwasm_aot,reg_detect.wasm,38187.541015625
code_execution_time,iwasm_aot,fdtd-apml.wasm,19015.0755859375
code_execution_time,iwasm_aot,dynprog.wasm,427908.476953125
