code_execution_time,iwasm--llvm-jit,lu.wasm,228920.49052734376
code_execution_time,iwasm--llvm-jit,gramschmidt.wasm,1122873.1275390624
code_execution_time,iwasm--llvm-jit,floyd-warshall.wasm,2071168.11484375
code_execution_time,iwasm--llvm-jit,bicg.wasm,265401.783984375
code_execution_time,iwasm--llvm-jit,adi.wasm,1680540.8330078125
code_execution_time,iwasm--llvm-jit,2mm.wasm,14251417.669433594
code_execution_time,iwasm--llvm-jit,fdtd-2d.wasm,647815.0447265625
code_execution_time,iwasm--llvm-jit,syr2k.wasm,5291023.429394531
code_execution_time,iwasm--llvm-jit,gesummv.wasm,368934.38505859376
code_execution_time,iwasm--llvm-jit,atax.wasm,313517.5567382813
code_execution_time,iwasm--llvm-jit,jacobi-2d-imper.wasm,339134.26337890624
code_execution_time,iwasm--llvm-jit,ludcmp.wasm,965652.0850585938
code_execution_time,iwasm--llvm-jit,durbin.wasm,322866.1827148438
code_execution_time,iwasm--llvm-jit,gemver.wasm,349736.0741210937
code_execution_time,iwasm--llvm-jit,syrk.wasm,2715993.319140625
code_execution_time,iwasm--llvm-jit,jacobi-1d-imper.wasm,229614.81123046874
code_execution_time,iwasm--llvm-jit,covariance.wasm,1437849.8010742187
code_execution_time,iwasm--llvm-jit,trmm.wasm,1522253.9837890626
code_execution_time,iwasm--llvm-jit,trisolv.wasm,286408.492578125
code_execution_time,iwasm--llvm-jit,3mm.wasm,19107347.400390625
code_execution_time,iwasm--llvm-jit,doitgen.wasm,822440.23046875
code_execution_time,iwasm--llvm-jit,correlation.wasm,1368232.5346679688
code_execution_time,iwasm--llvm-jit,seidel-2d.wasm,656489.4889648438
code_execution_time,iwasm--llvm-jit,mvt.wasm,286797.62373046874
code_execution_time,iwasm--llvm-jit,cholesky.wasm,595398.2091796875
code_execution_time,iwasm--llvm-jit,symm.wasm,9362551.85859375
code_execution_time,iwasm--llvm-jit,gemm.wasm,6452663.7626953125
code_execution_time,iwasm--llvm-jit,reg_detect.wasm,233807.759375
code_execution_time,iwasm--llvm-jit,fdtd-apml.wasm,176784.5013671875
code_execution_time,iwasm--llvm-jit,dynprog.wasm,590153.6978515625
