code_execution_time,iwasm,lu.wasm,53279.090625
code_execution_time,iwasm,gramschmidt.wasm,6187897.092285156
code_execution_time,iwasm,floyd-warshall.wasm,41745338.332617186
code_execution_time,iwasm,bicg.wasm,1147197.3610351563
code_execution_time,iwasm,adi.wasm,16162954.18203125
code_execution_time,iwasm,2mm.wasm,151027019.25390625
code_execution_time,iwasm,fdtd-2d.wasm,8085509.606054688
code_execution_time,iwasm,syr2k.wasm,75967913.97949219
code_execution_time,iwasm,gesummv.wasm,1319250.6461914063
code_execution_time,iwasm,atax.wasm,1184661.5689453124
code_execution_time,iwasm,jacobi-2d-imper.wasm,2036707.0905273438
code_execution_time,iwasm,ludcmp.wasm,11544013.925390625
code_execution_time,iwasm,durbin.wasm,1534538.154296875
code_execution_time,iwasm,gemver.wasm,2532973.2588867187
code_execution_time,iwasm,syrk.wasm,37690989.693847656
code_execution_time,iwasm,jacobi-1d-imper.wasm,84824.83125
code_execution_time,iwasm,covariance.wasm,18397060.11933594
code_execution_time,iwasm,trmm.wasm,19282547.775878906
code_execution_time,iwasm,trisolv.wasm,498094.8841796875
code_execution_time,iwasm,3mm.wasm,216932098.1142578
code_execution_time,iwasm,doitgen.wasm,11177445.350878906
code_execution_time,iwasm,correlation.wasm,17790114.72216797
code_execution_time,iwasm,seidel-2d.wasm,1870788.1829101562
code_execution_time,iwasm,mvt.wasm,1555752.03203125
code_execution_time,iwasm,cholesky.wasm,4450217.041699219
code_execution_time,iwasm,symm.wasm,71389824.58164063
code_execution_time,iwasm,gemm.wasm,77591258.36542968
code_execution_time,iwasm,reg_detect.wasm,481141.2673828125
code_execution_time,iwasm,fdtd-apml.wasm,164310.8837890625
code_execution_time,iwasm,dynprog.wasm,8124485.058984375
