code_execution_time,wasm3--compile,lu.wasm,71171.00419921875
code_execution_time,wasm3--compile,gramschmidt.wasm,4228193.788769531
code_execution_time,wasm3--compile,floyd-warshall.wasm,32127397.41748047
code_execution_time,wasm3--compile,bicg.wasm,869057.6138671875
code_execution_time,wasm3--compile,adi.wasm,11278333.07705078
code_execution_time,wasm3--compile,2mm.wasm,71955341.39716797
code_execution_time,wasm3--compile,fdtd-2d.wasm,6296831.947558594
code_execution_time,wasm3--compile,syr2k.wasm,50142595.84902344
code_execution_time,wasm3--compile,gesummv.wasm,954076.2053710937
code_execution_time,wasm3--compile,atax.wasm,886050.27578125
code_execution_time,wasm3--compile,jacobi-2d-imper.wasm,1645961.1608398438
code_execution_time,wasm3--compile,ludcmp.wasm,8085874.991308594
code_execution_time,wasm3--compile,durbin.wasm,1123983.8814453124
code_execution_time,wasm3--compile,gemver.wasm,1843519.5571289062
code_execution_time,wasm3--compile,syrk.wasm,25908535.344433594
code_execution_time,wasm3--compile,jacobi-1d-imper.wasm,93487.41708984374
code_execution_time,wasm3--compile,covariance.wasm,13828890.80205078
code_execution_time,wasm3--compile,trmm.wasm,13734658.774804687
code_execution_time,wasm3--compile,trisolv.wasm,382646.3162109375
code_execution_time,wasm3--compile,3mm.wasm,106734666.1305664
code_execution_time,wasm3--compile,doitgen.wasm,6758002.552050781
code_execution_time,wasm3--compile,correlation.wasm,12982155.88515625
code_execution_time,wasm3--compile,seidel-2d.wasm,1220653.2057617188
code_execution_time,wasm3--compile,mvt.wasm,1127149.8180664063
code_execution_time,wasm3--compile,cholesky.wasm,3674303.9681640626
code_execution_time,wasm3--compile,symm.wasm,40928709.23300781
code_execution_time,wasm3--compile,gemm.wasm,36546521.41035156
code_execution_time,wasm3--compile,reg_detect.wasm,409205.0896484375
code_execution_time,wasm3--compile,fdtd-apml.wasm,145776.254296875
code_execution_time,wasm3--compile,dynprog.wasm,7027835.36328125
