code_execution_time,wasmedge_aot,lu.wasm,24231.43095703125
code_execution_time,wasmedge_aot,gramschmidt.wasm,1040567.8784179688
code_execution_time,wasmedge_aot,floyd-warshall.wasm,2054040.3765625
code_execution_time,wasmedge_aot,bicg.wasm,177719.51123046875
code_execution_time,wasmedge_aot,adi.wasm,1303754.5413085937
code_execution_time,wasmedge_aot,2mm.wasm,9184940.754003907
code_execution_time,wasmedge_aot,fdtd-2d.wasm,483254.2715820313
code_execution_time,wasmedge_aot,syr2k.wasm,4995483.001953125
code_execution_time,wasmedge_aot,gesummv.wasm,235971.50693359374
code_execution_time,wasmedge_aot,atax.wasm,158572.47255859376
code_execution_time,wasmedge_aot,jacobi-2d-imper.wasm,136297.06318359374
code_execution_time,wasmedge_aot,ludcmp.wasm,814686.0950195312
code_execution_time,wasmedge_aot,durbin.wasm,470639.02392578125
code_execution_time,wasmedge_aot,gemver.wasm,420101.68193359376
code_execution_time,wasmedge_aot,syrk.wasm,2503073.943066406
code_execution_time,wasmedge_aot,jacobi-1d-imper.wasm,25808.2216796875
code_execution_time,wasmedge_aot,covariance.wasm,4139215.275390625
code_execution_time,wasmedge_aot,trmm.wasm,1281110.8204101562
code_execution_time,wasmedge_aot,trisolv.wasm,115866.2498046875
code_execution_time,wasmedge_aot,3mm.wasm,13627265.465332031
code_execution_time,wasmedge_aot,doitgen.wasm,620635.9715820312
code_execution_time,wasmedge_aot,correlation.wasm,4119548.1860351562
code_execution_time,wasmedge_aot,seidel-2d.wasm,441941.158203125
code_execution_time,wasmedge_aot,mvt.wasm,322833.6416015625
code_execution_time,wasmedge_aot,cholesky.wasm,418638.8759765625
code_execution_time,wasmedge_aot,symm.wasm,11498221.215234375
code_execution_time,wasmedge_aot,gemm.wasm,4638121.778125
code_execution_time,wasmedge_aot,reg_detect.wasm,50532.2275390625
code_execution_time,wasmedge_aot,fdtd-apml.wasm,40171.7283203125
code_execution_time,wasmedge_aot,dynprog.wasm,421722.0861328125
