code_execution_time,wasmtime,lu.wasm,23928.4203125
code_execution_time,wasmtime,gramschmidt.wasm,1234582.8344726562
code_execution_time,wasmtime,floyd-warshall.wasm,2961003.84453125
code_execution_time,wasmtime,bicg.wasm,208207.4171875
code_execution_time,wasmtime,adi.wasm,1476285.0170898438
code_execution_time,wasmtime,2mm.wasm,10255845.556054687
code_execution_time,wasmtime,fdtd-2d.wasm,659647.82734375
code_execution_time,wasmtime,syr2k.wasm,5088536.954589844
code_execution_time,wasmtime,gesummv.wasm,264513.3965820313
code_execution_time,wasmtime,atax.wasm,189849.387890625
code_execution_time,wasmtime,jacobi-2d-imper.wasm,199525.41669921874
code_execution_time,wasmtime,ludcmp.wasm,908329.90078125
code_execution_time,wasmtime,durbin.wasm,506849.4491210937
code_execution_time,wasmtime,gemver.wasm,477875.63349609374
code_execution_time,wasmtime,syrk.wasm,2549389.84375
code_execution_time,wasmtime,jacobi-1d-imper.wasm,25602.02587890625
code_execution_time,wasmtime,covariance.wasm,4206636.393066406
code_execution_time,wasmtime,trmm.wasm,1305908.6376953125
code_execution_time,wasmtime,trisolv.wasm,154570.99638671876
code_execution_time,wasmtime,3mm.wasm,14700695.563378906
code_execution_time,wasmtime,doitgen.wasm,660969.6799804687
code_execution_time,wasmtime,correlation.wasm,4171964.88203125
code_execution_time,wasmtime,seidel-2d.wasm,456414.30791015626
code_execution_time,wasmtime,mvt.wasm,349262.14609375
code_execution_time,wasmtime,cholesky.wasm,431940.9854492188
code_execution_time,wasmtime,symm.wasm,12617825.26015625
code_execution_time,wasmtime,gemm.wasm,5148809.8935546875
code_execution_time,wasmtime,reg_detect.wasm,49484.5447265625
code_execution_time,wasmtime,fdtd-apml.wasm,46474.0322265625
code_execution_time,wasmtime,dynprog.wasm,474183.5240234375
