aot_compilation_time,wamrc,methcall.wasm,2695520.9212890626
aot_compilation_time,wamrc,hello.wasm,2686046.8138671876
aot_compilation_time,wamrc,moments.wasm,400671.66171875
aot_compilation_time,wamrc,lists1.wasm,2726983.9650390623
aot_compilation_time,wamrc,ary2.wasm,2729217.738671875
aot_compilation_time,wamrc,matrix.wasm,2737519.430859375
aot_compilation_time,wamrc,except.wasm,164477.1244140625
aot_compilation_time,wamrc,random.wasm,2681907.3462890624
aot_compilation_time,wamrc,nestedloop.wasm,2698937.7423828123
aot_compilation_time,wamrc,ary.wasm,2719373.0072265626
aot_compilation_time,wamrc,strcat.wasm,2709623.331640625
aot_compilation_time,wamrc,hash.wasm,2827473.4
aot_compilation_time,wamrc,lists.wasm,2726747.615234375
aot_compilation_time,wamrc,objinst.wasm,2716901.5568359373
aot_compilation_time,wamrc,ackermann.wasm,2698322.26640625
aot_compilation_time,wamrc,heapsort.wasm,323949.0623046875
aot_compilation_time,wamrc,ary3.wasm,2731455.576171875
aot_compilation_time,wamrc,sieve.wasm,2727690.2626953125
aot_compilation_time,wamrc,hash2.wasm,2833584.8818359375
aot_compilation_time,wamrc,fibo.wasm,2689206.33515625
