aot_compilation_time,wasmedgec,methcall.wasm,4092587.1603515623
aot_compilation_time,wasmedgec,hello.wasm,4052649.50390625
aot_compilation_time,wasmedgec,moments.wasm,589409.003125
aot_compilation_time,wasmedgec,lists1.wasm,4143463.5310546877
aot_compilation_time,wasmedgec,ary2.wasm,4111327.4228515625
aot_compilation_time,wasmedgec,matrix.wasm,4090323.2181640626
aot_compilation_time,wasmedgec,except.wasm,232080.4099609375
aot_compilation_time,wasmedgec,random.wasm,4078893.6990234377
aot_compilation_time,wasmedgec,nestedloop.wasm,4031435.1572265625
aot_compilation_time,wasmedgec,ary.wasm,4092828.6259765625
aot_compilation_time,wasmedgec,strcat.wasm,4049661.3505859375
aot_compilation_time,wasmedgec,hash.wasm,4291024.8578125
aot_compilation_time,wasmedgec,lists.wasm,4080941.47578125
aot_compilation_time,wasmedgec,objinst.wasm,4065050.8845703127
aot_compilation_time,wasmedgec,ackermann.wasm,4070600.8478515623
aot_compilation_time,wasmedgec,heapsort.wasm,479062.08671875
aot_compilation_time,wasmedgec,ary3.wasm,4114248.4626953127
aot_compilation_time,wasmedgec,sieve.wasm,4065487.80625
aot_compilation_time,wasmedgec,hash2.wasm,4303635.6416015625
aot_compilation_time,wasmedgec,fibo.wasm,4040866.024609375
