total_time,wasmtime,methcall.wasm,6211357.486523437
total_time,wasmtime,hello.wasm,10683.5544921875
total_time,wasmtime,matrix.wasm,1871993.4376953125
total_time,wasmtime,fib2.wasm,2053043.471484375
total_time,wasmtime,random.wasm,3299981.2966796877
total_time,wasmtime,nestedloop.wasm,14827.050390625
total_time,wasmtime,strcat.wasm,159870.9642578125
total_time,wasmtime,hash.wasm,2608208.7927734377
total_time,wasmtime,lists.wasm,4448435.2953125
total_time,wasmtime,objinst.wasm,17491.0849609375
total_time,wasmtime,ackermann.wasm,20223.4197265625
total_time,wasmtime,heapsort.wasm,2203211.922265625
total_time,wasmtime,ary3.wasm,1111799.280859375
total_time,wasmtime,sieve.wasm,5056315.130078125
