total_time,iwasm--fast-jit,methcall.wasm,11871963.558007812
total_time,iwasm--fast-jit,hello.wasm,25714.330859375
total_time,iwasm--fast-jit,matrix.wasm,2249846.4609375
total_time,iwasm--fast-jit,fib2.wasm,3827357.107421875
total_time,iwasm--fast-jit,random.wasm,3734261.753125
total_time,iwasm--fast-jit,nestedloop.wasm,34221.8109375
total_time,iwasm--fast-jit,strcat.wasm,205552.1595703125
total_time,iwasm--fast-jit,hash.wasm,4125280.983203125
total_time,iwasm--fast-jit,lists.wasm,6543345.475390625
total_time,iwasm--fast-jit,objinst.wasm,40089.250390625
total_time,iwasm--fast-jit,ackermann.wasm,34490.4669921875
total_time,iwasm--fast-jit,heapsort.wasm,2629898.75234375
total_time,iwasm--fast-jit,ary3.wasm,1876853.065625
total_time,iwasm--fast-jit,sieve.wasm,8713185.483203124
