total_time,iwasm_aot,methcall.wasm,4418819.92734375
total_time,iwasm_aot,hello.wasm,9191.8853515625
total_time,iwasm_aot,matrix.wasm,1399286.461328125
total_time,iwasm_aot,fib2.wasm,1173030.19765625
total_time,iwasm_aot,random.wasm,1312651.92734375
total_time,iwasm_aot,nestedloop.wasm,10258.2119140625
total_time,iwasm_aot,strcat.wasm,111380.4064453125
total_time,iwasm_aot,hash.wasm,2048816.1998046874
total_time,iwasm_aot,lists.wasm,4248052.692773437
total_time,iwasm_aot,objinst.wasm,9214.6390625
total_time,iwasm_aot,ackermann.wasm,12056.8759765625
total_time,iwasm_aot,heapsort.wasm,1644796.4892578125
total_time,iwasm_aot,ary3.wasm,1278568.51328125
total_time,iwasm_aot,sieve.wasm,4010733.208984375
