total_time,iwasm--multi-tier-jit,methcall.wasm,10836471.949804688
total_time,iwasm--multi-tier-jit,hello.wasm,26100.8685546875
total_time,iwasm--multi-tier-jit,matrix.wasm,2241298.9826171873
total_time,iwasm--multi-tier-jit,fib2.wasm,1516159.4921875
total_time,iwasm--multi-tier-jit,random.wasm,3722326.21875
total_time,iwasm--multi-tier-jit,nestedloop.wasm,34134.387890625
total_time,iwasm--multi-tier-jit,strcat.wasm,206315.5412109375
total_time,iwasm--multi-tier-jit,hash.wasm,2900591.6044921875
total_time,iwasm--multi-tier-jit,lists.wasm,6638484.535546875
total_time,iwasm--multi-tier-jit,objinst.wasm,40036.7841796875
total_time,iwasm--multi-tier-jit,ackermann.wasm,34541.48984375
total_time,iwasm--multi-tier-jit,heapsort.wasm,2587376.3537109373
total_time,iwasm--multi-tier-jit,ary3.wasm,1874422.70546875
total_time,iwasm--multi-tier-jit,sieve.wasm,8490682.640429687
