total_time,iwasm--llvm-jit,methcall.wasm,5375372.196679687
total_time,iwasm--llvm-jit,hello.wasm,52493.64609375
total_time,iwasm--llvm-jit,matrix.wasm,1593363.8015625
total_time,iwasm--llvm-jit,fib2.wasm,1569929.0046875
total_time,iwasm--llvm-jit,random.wasm,1436817.0119140625
total_time,iwasm--llvm-jit,nestedloop.wasm,122690.2865234375
total_time,iwasm--llvm-jit,strcat.wasm,358059.0564453125
total_time,iwasm--llvm-jit,hash.wasm,2429108.758984375
total_time,iwasm--llvm-jit,lists.wasm,4423484.68046875
total_time,iwasm--llvm-jit,objinst.wasm,157127.7833984375
total_time,iwasm--llvm-jit,ackermann.wasm,125132.046484375
total_time,iwasm--llvm-jit,heapsort.wasm,1803971.252734375
total_time,iwasm--llvm-jit,ary3.wasm,1453736.77109375
total_time,iwasm--llvm-jit,sieve.wasm,3010438.001953125
