total_time,wasmer,methcall.wasm,4949919.811914062
total_time,wasmer,hello.wasm,14914.4466796875
total_time,wasmer,matrix.wasm,1563486.353125
total_time,wasmer,fib2.wasm,2057744.348828125
total_time,wasmer,random.wasm,1441605.8416015625
total_time,wasmer,nestedloop.wasm,19130.1951171875
total_time,wasmer,strcat.wasm,160713.033203125
total_time,wasmer,hash.wasm,2806302.7625
total_time,wasmer,lists.wasm,4457957.879492188
total_time,wasmer,objinst.wasm,20168.60390625
total_time,wasmer,ackermann.wasm,22781.37578125
total_time,wasmer,heapsort.wasm,2577670.36796875
total_time,wasmer,ary3.wasm,1411691.9853515625
total_time,wasmer,sieve.wasm,5231000.109765625
