total_time,wasm3,methcall.wasm,34826205.246875
total_time,wasm3,hello.wasm,263468.591796875
total_time,wasm3,matrix.wasm,18333544.0015625
total_time,wasm3,fib2.wasm,17934055.704101562
total_time,wasm3,random.wasm,3875595.91328125
total_time,wasm3,nestedloop.wasm,263977.033203125
total_time,wasm3,strcat.wasm,967875.1568359375
total_time,wasm3,hash.wasm,19773964.785351563
total_time,wasm3,lists.wasm,23748412.362109374
total_time,wasm3,objinst.wasm,265205.996484375
total_time,wasm3,ackermann.wasm,273160.741796875
total_time,wasm3,heapsort.wasm,7093795.220507813
total_time,wasm3,ary3.wasm,14737448.908398438
total_time,wasm3,sieve.wasm,26140482.219335936
