total_time,wasm3--compile,methcall.wasm,34836781.892382815
total_time,wasm3--compile,hello.wasm,263249.6693359375
total_time,wasm3--compile,matrix.wasm,18341802.755859375
total_time,wasm3--compile,fib2.wasm,18607067.92578125
total_time,wasm3--compile,random.wasm,3875926.525
total_time,wasm3--compile,nestedloop.wasm,265386.135546875
total_time,wasm3--compile,strcat.wasm,962008.14453125
total_time,wasm3--compile,hash.wasm,19740947.273242187
total_time,wasm3--compile,lists.wasm,23803499.51425781
total_time,wasm3--compile,objinst.wasm,256471.2041015625
total_time,wasm3--compile,ackermann.wasm,273251.414453125
total_time,wasm3--compile,heapsort.wasm,7100065.880664063
total_time,wasm3--compile,ary3.wasm,14744143.930078125
total_time,wasm3--compile,sieve.wasm,26185414.08339844
