total_time,wasmedge_aot,methcall.wasm,53973225.065820314
total_time,wasmedge_aot,hello.wasm,14031.3392578125
total_time,wasmedge_aot,matrix.wasm,1502903.4310546876
total_time,wasmedge_aot,fib2.wasm,1187264.6060546874
total_time,wasmedge_aot,random.wasm,1317867.16875
total_time,wasmedge_aot,nestedloop.wasm,14096.26875
total_time,wasmedge_aot,strcat.wasm,132029.976953125
total_time,wasmedge_aot,hash.wasm,2199237.616015625
total_time,wasmedge_aot,lists.wasm,4130319.01328125
total_time,wasmedge_aot,objinst.wasm,13967.262109375
total_time,wasmedge_aot,ackermann.wasm,17197.197265625
total_time,wasmedge_aot,heapsort.wasm,1831152.9091796875
total_time,wasmedge_aot,ary3.wasm,1324555.2833984375
total_time,wasmedge_aot,sieve.wasm,3611410.3240234377
