total_time,iwasm,methcall.wasm,54957758.528125
total_time,iwasm,hello.wasm,9232.169921875
total_time,iwasm,matrix.wasm,21036962.592578124
total_time,iwasm,fib2.wasm,20313238.528125
total_time,iwasm,random.wasm,4246630.4015625
total_time,iwasm,nestedloop.wasm,9484.974609375
total_time,iwasm,strcat.wasm,901463.3857421875
total_time,iwasm,hash.wasm,22657012.992578126
total_time,iwasm,lists.wasm,28638563.24824219
total_time,iwasm,objinst.wasm,9555.2546875
total_time,iwasm,ackermann.wasm,16482.0591796875
total_time,iwasm,heapsort.wasm,9645030.683789063
total_time,iwasm,ary3.wasm,17855733.260742188
total_time,iwasm,sieve.wasm,35292493.29453125
