code_execution_time,wasm3--compile,flops-5.wasm,4116355.0495117186
code_execution_time,wasm3--compile,whetstone.wasm,3099870.486035156
code_execution_time,wasm3--compile,dt.wasm,2459971.7864257814
code_execution_time,wasm3--compile,revertBits.wasm,1976150.7057617188
code_execution_time,wasm3--compile,evalloop.wasm,12085259.207421875
code_execution_time,wasm3--compile,flops-7.wasm,2283597.3619140624
code_execution_time,wasm3--compile,mandel-2.wasm,2785335.2491210937
code_execution_time,wasm3--compile,pi.wasm,1631162.6022460938
code_execution_time,wasm3--compile,mandel.wasm,3429572.9583007814
code_execution_time,wasm3--compile,flops-1.wasm,4798563.85546875
code_execution_time,wasm3--compile,matmul_f64_4x4.wasm,8567356.079492187
code_execution_time,wasm3--compile,himenobmtxpa.wasm,6337894.862792969
code_execution_time,wasm3--compile,salsa20.wasm,49966634.906347655
code_execution_time,wasm3--compile,lowercase.wasm,33497.21240234375
code_execution_time,wasm3--compile,flops-4.wasm,2588740.6966796876
code_execution_time,wasm3--compile,ffbench.wasm,2394651.2904296876
code_execution_time,wasm3--compile,oourafft.wasm,40393386.546972655
code_execution_time,wasm3--compile,flops-2.wasm,1275874.4862304688
code_execution_time,wasm3--compile,fp-convert.wasm,23951454.586523436
code_execution_time,wasm3--compile,richards_benchmark.wasm,5685129.349707032
code_execution_time,wasm3--compile,flops-3.wasm,5650602.193261718
code_execution_time,wasm3--compile,flops-8.wasm,4417818.522851562
code_execution_time,wasm3--compile,flops-6.wasm,4163457.5986328125
