code_execution_time,iwasm--fast-jit,flops-5.wasm,3060511.558203125
code_execution_time,iwasm--fast-jit,whetstone.wasm,1179558.1602539062
code_execution_time,iwasm--fast-jit,dt.wasm,420764.26201171876
code_execution_time,iwasm--fast-jit,revertBits.wasm,234808.34541015624
code_execution_time,iwasm--fast-jit,evalloop.wasm,2139049.7263671877
code_execution_time,iwasm--fast-jit,flops-7.wasm,2882319.560546875
code_execution_time,iwasm--fast-jit,mandel-2.wasm,1298768.4314453125
code_execution_time,iwasm--fast-jit,pi.wasm,873815.5884765625
code_execution_time,iwasm--fast-jit,mandel.wasm,933317.8513671875
code_execution_time,iwasm--fast-jit,flops-1.wasm,4255447.507421875
code_execution_time,iwasm--fast-jit,matmul_f64_4x4.wasm,3647139.2649414064
code_execution_time,iwasm--fast-jit,himenobmtxpa.wasm,1156381.5290039063
code_execution_time,iwasm--fast-jit,salsa20.wasm,7886675.8017578125
code_execution_time,iwasm--fast-jit,lowercase.wasm,21229.14931640625
code_execution_time,iwasm--fast-jit,flops-4.wasm,2762084.0185546875
code_execution_time,iwasm--fast-jit,ffbench.wasm,655906.1186523438
code_execution_time,iwasm--fast-jit,oourafft.wasm,8137012.215136719
code_execution_time,iwasm--fast-jit,flops-2.wasm,1045185.8724609375
code_execution_time,iwasm--fast-jit,fp-convert.wasm,4387170.834863281
code_execution_time,iwasm--fast-jit,richards_benchmark.wasm,1360886.9745117188
code_execution_time,iwasm--fast-jit,flops-3.wasm,2668974.783496094
code_execution_time,iwasm--fast-jit,flops-8.wasm,1814339.2064453126
code_execution_time,iwasm--fast-jit,flops-6.wasm,1827929.7830078125
