code_execution_time,wasmtime,flops-5.wasm,1170320.28359375
code_execution_time,wasmtime,whetstone.wasm,646449.2823242188
code_execution_time,wasmtime,dt.wasm,295965.551171875
code_execution_time,wasmtime,revertBits.wasm,172034.7216796875
code_execution_time,wasmtime,evalloop.wasm,2757228.7958007813
code_execution_time,wasmtime,flops-7.wasm,1506495.1219726563
code_execution_time,wasmtime,mandel-2.wasm,610883.7291992188
code_execution_time,wasmtime,pi.wasm,413417.63818359375
code_execution_time,wasmtime,mandel.wasm,499178.80546875
code_execution_time,wasmtime,flops-1.wasm,842028.5892578125
code_execution_time,wasmtime,matmul_f64_4x4.wasm,1038857.7325195313
code_execution_time,wasmtime,himenobmtxpa.wasm,1023043.2782226562
code_execution_time,wasmtime,salsa20.wasm,5149112.790234375
code_execution_time,wasmtime,lowercase.wasm,1068.0697265625
code_execution_time,wasmtime,flops-4.wasm,614009.08984375
code_execution_time,wasmtime,ffbench.wasm,459064.80244140624
code_execution_time,wasmtime,oourafft.wasm,3303763.6000976562
code_execution_time,wasmtime,flops-2.wasm,397060.2051757813
code_execution_time,wasmtime,fp-convert.wasm,2543250.05
code_execution_time,wasmtime,richards_benchmark.wasm,939863.5591796875
code_execution_time,wasmtime,flops-3.wasm,1338601.469140625
code_execution_time,wasmtime,flops-8.wasm,1232229.7377929688
code_execution_time,wasmtime,flops-6.wasm,1146624.5735351562
