code_execution_time,wasm3,flops-5.wasm,4118439.6420898438
code_execution_time,wasm3,whetstone.wasm,3053425.90703125
code_execution_time,wasm3,dt.wasm,2464597.7045898438
code_execution_time,wasm3,revertBits.wasm,1973450.4104492187
code_execution_time,wasm3,evalloop.wasm,12065003.727734376
code_execution_time,wasm3,flops-7.wasm,2341093.3271484375
code_execution_time,wasm3,mandel-2.wasm,2787100.2954101562
code_execution_time,wasm3,pi.wasm,1632191.7408203124
code_execution_time,wasm3,mandel.wasm,3417214.521484375
code_execution_time,wasm3,flops-1.wasm,4803311.774707031
code_execution_time,wasm3,matmul_f64_4x4.wasm,8829321.858691406
code_execution_time,wasm3,himenobmtxpa.wasm,6522944.967871094
code_execution_time,wasm3,salsa20.wasm,50543623.47607422
code_execution_time,wasm3,lowercase.wasm,33342.52021484375
code_execution_time,wasm3,flops-4.wasm,2590732.8471679688
code_execution_time,wasm3,ffbench.wasm,2386156.544921875
code_execution_time,wasm3,oourafft.wasm,40620769.06621094
code_execution_time,wasm3,flops-2.wasm,1273264.2702148438
code_execution_time,wasm3,fp-convert.wasm,24012407.529003907
code_execution_time,wasm3,richards_benchmark.wasm,5609944.640039062
code_execution_time,wasm3,flops-3.wasm,5657604.417578125
code_execution_time,wasm3,flops-8.wasm,4420122.007910157
code_execution_time,wasm3,flops-6.wasm,4162224.0458984375
