code_execution_time,iwasm--multi-tier-jit,flops-5.wasm,3039398.7986328127
code_execution_time,iwasm--multi-tier-jit,whetstone.wasm,826980.2728515625
code_execution_time,iwasm--multi-tier-jit,dt.wasm,413499.4659179688
code_execution_time,iwasm--multi-tier-jit,revertBits.wasm,233101.66201171876
code_execution_time,iwasm--multi-tier-jit,evalloop.wasm,2123377.719140625
code_execution_time,iwasm--multi-tier-jit,flops-7.wasm,2868200.9017578126
code_execution_time,iwasm--multi-tier-jit,mandel-2.wasm,1290772.6755859375
code_execution_time,iwasm--multi-tier-jit,pi.wasm,867289.40859375
code_execution_time,iwasm--multi-tier-jit,mandel.wasm,833216.2157226562
code_execution_time,iwasm--multi-tier-jit,flops-1.wasm,4238055.1671875
code_execution_time,iwasm--multi-tier-jit,matmul_f64_4x4.wasm,3626495.6334960936
code_execution_time,iwasm--multi-tier-jit,himenobmtxpa.wasm,1144557.4208007813
code_execution_time,iwasm--multi-tier-jit,salsa20.wasm,5115935.825878906
code_execution_time,iwasm--multi-tier-jit,lowercase.wasm,21207.15205078125
code_execution_time,iwasm--multi-tier-jit,flops-4.wasm,2747745.649609375
code_execution_time,iwasm--multi-tier-jit,ffbench.wasm,532057.5065429688
code_execution_time,iwasm--multi-tier-jit,oourafft.wasm,3363002.1942382813
code_execution_time,iwasm--multi-tier-jit,flops-2.wasm,1039969.36015625
code_execution_time,iwasm--multi-tier-jit,fp-convert.wasm,4365211.2880859375
code_execution_time,iwasm--multi-tier-jit,richards_benchmark.wasm,1324211.5215820312
code_execution_time,iwasm--multi-tier-jit,flops-3.wasm,2651623.9090820313
code_execution_time,iwasm--multi-tier-jit,flops-8.wasm,1807362.0397460938
code_execution_time,iwasm--multi-tier-jit,flops-6.wasm,1819011.9051757813
