code_execution_time,iwasm_aot,flops-5.wasm,883244.6493164062
code_execution_time,iwasm_aot,whetstone.wasm,611721.428515625
code_execution_time,iwasm_aot,dt.wasm,294392.9334960937
code_execution_time,iwasm_aot,revertBits.wasm,29129.90908203125
code_execution_time,iwasm_aot,evalloop.wasm,1145608.787109375
code_execution_time,iwasm_aot,flops-7.wasm,511822.3802734375
code_execution_time,iwasm_aot,mandel-2.wasm,621438.9635742188
code_execution_time,iwasm_aot,pi.wasm,401989.1834960937
code_execution_time,iwasm_aot,mandel.wasm,373136.7455078125
code_execution_time,iwasm_aot,flops-1.wasm,725189.121875
code_execution_time,iwasm_aot,matmul_f64_4x4.wasm,794891.7750976563
code_execution_time,iwasm_aot,himenobmtxpa.wasm,630911.9178710937
code_execution_time,iwasm_aot,salsa20.wasm,3930380.783203125
code_execution_time,iwasm_aot,lowercase.wasm,822.1677734375
code_execution_time,iwasm_aot,flops-4.wasm,419813.15107421874
code_execution_time,iwasm_aot,ffbench.wasm,481921.9482421875
code_execution_time,iwasm_aot,oourafft.wasm,2675160.3584960937
code_execution_time,iwasm_aot,flops-2.wasm,392071.837109375
code_execution_time,iwasm_aot,fp-convert.wasm,1851936.1443359375
code_execution_time,iwasm_aot,richards_benchmark.wasm,732026.1788085938
code_execution_time,iwasm_aot,flops-3.wasm,930603.8396484375
code_execution_time,iwasm_aot,flops-8.wasm,882587.4576171875
code_execution_time,iwasm_aot,flops-6.wasm,855720.0125
