code_execution_time,iwasm,flops-5.wasm,9008382.962695312
code_execution_time,iwasm,whetstone.wasm,4401443.827246094
code_execution_time,iwasm,dt.wasm,3460421.7553710938
code_execution_time,iwasm,revertBits.wasm,2586298.296777344
code_execution_time,iwasm,evalloop.wasm,12391060.609960938
code_execution_time,iwasm,flops-7.wasm,3622437.1045898437
code_execution_time,iwasm,mandel-2.wasm,3588429.0344726564
code_execution_time,iwasm,pi.wasm,1811769.1842773438
code_execution_time,iwasm,mandel.wasm,4825920.655371094
code_execution_time,iwasm,flops-1.wasm,8416267.411035156
code_execution_time,iwasm,matmul_f64_4x4.wasm,10645577.786035156
code_execution_time,iwasm,himenobmtxpa.wasm,8404568.048925782
code_execution_time,iwasm,salsa20.wasm,62700467.337890625
code_execution_time,iwasm,lowercase.wasm,888.0537109375
code_execution_time,iwasm,flops-4.wasm,4895787.429589843
code_execution_time,iwasm,ffbench.wasm,3388052.3823242188
code_execution_time,iwasm,oourafft.wasm,52690598.3265625
code_execution_time,iwasm,flops-2.wasm,1680166.2056640624
code_execution_time,iwasm,fp-convert.wasm,31446729.04736328
code_execution_time,iwasm,richards_benchmark.wasm,7615130.789453125
code_execution_time,iwasm,flops-3.wasm,11277374.756640624
code_execution_time,iwasm,flops-8.wasm,9340198.244335938
code_execution_time,iwasm,flops-6.wasm,8365876.057714844
