code_execution_time,iwasm--llvm-jit,flops-5.wasm,970938.1984375
code_execution_time,iwasm--llvm-jit,whetstone.wasm,821580.2635742187
code_execution_time,iwasm--llvm-jit,dt.wasm,484795.65390625
code_execution_time,iwasm--llvm-jit,revertBits.wasm,198905.6453125
code_execution_time,iwasm--llvm-jit,evalloop.wasm,1220630.6193359375
code_execution_time,iwasm--llvm-jit,flops-7.wasm,613582.775
code_execution_time,iwasm--llvm-jit,mandel-2.wasm,693241.9918945313
code_execution_time,iwasm--llvm-jit,pi.wasm,506130.6642578125
code_execution_time,iwasm--llvm-jit,mandel.wasm,508131.79443359375
code_execution_time,iwasm--llvm-jit,flops-1.wasm,836301.64765625
code_execution_time,iwasm--llvm-jit,matmul_f64_4x4.wasm,961325.7188476563
code_execution_time,iwasm--llvm-jit,himenobmtxpa.wasm,846621.028125
code_execution_time,iwasm--llvm-jit,salsa20.wasm,4240167.858691406
code_execution_time,iwasm--llvm-jit,lowercase.wasm,87489.862109375
code_execution_time,iwasm--llvm-jit,flops-4.wasm,536744.67265625
code_execution_time,iwasm--llvm-jit,ffbench.wasm,639625.4916015625
code_execution_time,iwasm--llvm-jit,oourafft.wasm,2840724.021777344
code_execution_time,iwasm--llvm-jit,flops-2.wasm,493077.95087890624
code_execution_time,iwasm--llvm-jit,fp-convert.wasm,1904635.9682617188
code_execution_time,iwasm--llvm-jit,richards_benchmark.wasm,1020901.4879882813
code_execution_time,iwasm--llvm-jit,flops-3.wasm,1042135.9366210938
code_execution_time,iwasm--llvm-jit,flops-8.wasm,961627.3052734375
code_execution_time,iwasm--llvm-jit,flops-6.wasm,915783.422265625
