code_execution_time,wasmer,flops-5.wasm,2633208.40859375
code_execution_time,wasmer,whetstone.wasm,671982.3490234375
code_execution_time,wasmer,dt.wasm,298367.4037109375
code_execution_time,wasmer,revertBits.wasm,175272.27431640626
code_execution_time,wasmer,evalloop.wasm,1416206.9190429687
code_execution_time,wasmer,flops-7.wasm,961107.5922851562
code_execution_time,wasmer,mandel-2.wasm,599921.8416992187
code_execution_time,wasmer,pi.wasm,422868.76044921874
code_execution_time,wasmer,mandel.wasm,689223.6450195312
code_execution_time,wasmer,flops-1.wasm,756535.1291015625
code_execution_time,wasmer,matmul_f64_4x4.wasm,1031512.821875
code_execution_time,wasmer,himenobmtxpa.wasm,989752.9786132813
code_execution_time,wasmer,salsa20.wasm,5190751.281152343
code_execution_time,wasmer,lowercase.wasm,1155.86513671875
code_execution_time,wasmer,flops-4.wasm,2282043.2974609374
code_execution_time,wasmer,ffbench.wasm,464354.6375976562
code_execution_time,wasmer,oourafft.wasm,3847922.849902344
code_execution_time,wasmer,flops-2.wasm,377667.1818359375
code_execution_time,wasmer,fp-convert.wasm,3027384.831640625
code_execution_time,wasmer,richards_benchmark.wasm,1041007.2487304688
code_execution_time,wasmer,flops-3.wasm,1023992.9571289063
code_execution_time,wasmer,flops-8.wasm,973804.044140625
code_execution_time,wasmer,flops-6.wasm,2602282.224902344
