code_execution_time,wasmedge_aot,flops-5.wasm,873572.6295898438
code_execution_time,wasmedge_aot,whetstone.wasm,608867.5763671875
code_execution_time,wasmedge_aot,dt.wasm,295617.6046875
code_execution_time,wasmedge_aot,revertBits.wasm,40864.70537109375
code_execution_time,wasmedge_aot,evalloop.wasm,1249060.27734375
code_execution_time,wasmedge_aot,flops-7.wasm,514150.552734375
code_execution_time,wasmedge_aot,mandel-2.wasm,608188.473828125
code_execution_time,wasmedge_aot,pi.wasm,478134.4375976563
code_execution_time,wasmedge_aot,mandel.wasm,404399.87822265626
code_execution_time,wasmedge_aot,flops-1.wasm,725206.0423828125
code_execution_time,wasmedge_aot,matmul_f64_4x4.wasm,899804.501953125
code_execution_time,wasmedge_aot,himenobmtxpa.wasm,560548.8674804687
code_execution_time,wasmedge_aot,salsa20.wasm,4114461.5874023438
code_execution_time,wasmedge_aot,lowercase.wasm,1831.3103515625
code_execution_time,wasmedge_aot,flops-4.wasm,434128.3220703125
code_execution_time,wasmedge_aot,ffbench.wasm,454143.5177734375
code_execution_time,wasmedge_aot,oourafft.wasm,3027040.8038085937
code_execution_time,wasmedge_aot,flops-2.wasm,392952.305859375
code_execution_time,wasmedge_aot,fp-convert.wasm,2180594.3715820312
code_execution_time,wasmedge_aot,richards_benchmark.wasm,2306073.3954101563
code_execution_time,wasmedge_aot,flops-3.wasm,909730.8966796875
code_execution_time,wasmedge_aot,flops-8.wasm,874007.3647460938
code_execution_time,wasmedge_aot,flops-6.wasm,834259.8153320312
