start_time,wasm3,lu.wasm,1317.8248046875
start_time,wasm3,gramschmidt.wasm,1313.74833984375
start_time,wasm3,floyd-warshall.wasm,1298.1931640625
start_time,wasm3,bicg.wasm,1319.02763671875
start_time,wasm3,adi.wasm,1351.98525390625
start_time,wasm3,2mm.wasm,1331.9130859375
start_time,wasm3,fdtd-2d.wasm,1240.27880859375
start_time,wasm3,syr2k.wasm,1311.12509765625
start_time,wasm3,gesummv.wasm,1310.44072265625
start_time,wasm3,atax.wasm,1318.8109375
start_time,wasm3,jacobi-2d-imper.wasm,1300.89658203125
start_time,wasm3,ludcmp.wasm,1308.776171875
start_time,wasm3,durbin.wasm,1297.24736328125
start_time,wasm3,gemver.wasm,1296.30556640625
start_time,wasm3,syrk.wasm,1311.8203125
start_time,wasm3,jacobi-1d-imper.wasm,1306.8689453125
start_time,wasm3,covariance.wasm,1314.153125
start_time,wasm3,trmm.wasm,1288.502734375
start_time,wasm3,trisolv.wasm,1295.865625
start_time,wasm3,3mm.wasm,1286.58125
start_time,wasm3,doitgen.wasm,1328.75703125
start_time,wasm3,correlation.wasm,1311.95322265625
start_time,wasm3,seidel-2d.wasm,1302.7076171875
start_time,wasm3,mvt.wasm,1298.93369140625
start_time,wasm3,cholesky.wasm,1299.7416015625
start_time,wasm3,symm.wasm,1307.867578125
start_time,wasm3,gemm.wasm,1312.1548828125
start_time,wasm3,reg_detect.wasm,1217.582421875
start_time,wasm3,fdtd-apml.wasm,1304.5244140625
start_time,wasm3,dynprog.wasm,1291.3876953125
