start_time,iwasm--multi-tier-jit,lu.wasm,6138.0884765625
start_time,iwasm--multi-tier-jit,gramschmidt.wasm,6061.92744140625
start_time,iwasm--multi-tier-jit,floyd-warshall.wasm,5849.5810546875
start_time,iwasm--multi-tier-jit,bicg.wasm,6385.61318359375
start_time,iwasm--multi-tier-jit,adi.wasm,6119.4029296875
start_time,iwasm--multi-tier-jit,2mm.wasm,6147.9638671875
start_time,iwasm--multi-tier-jit,fdtd-2d.wasm,6144.753125
start_time,iwasm--multi-tier-jit,syr2k.wasm,6121.8626953125
start_time,iwasm--multi-tier-jit,gesummv.wasm,6139.58154296875
start_time,iwasm--multi-tier-jit,atax.wasm,6138.59208984375
start_time,iwasm--multi-tier-jit,jacobi-2d-imper.wasm,6131.85927734375
start_time,iwasm--multi-tier-jit,ludcmp.wasm,6105.4873046875
start_time,iwasm--multi-tier-jit,durbin.wasm,6432.8365234375
start_time,iwasm--multi-tier-jit,gemver.wasm,5844.4681640625
start_time,iwasm--multi-tier-jit,syrk.wasm,6061.390234375
start_time,iwasm--multi-tier-jit,jacobi-1d-imper.wasm,6148.16572265625
start_time,iwasm--multi-tier-jit,covariance.wasm,6204.78779296875
start_time,iwasm--multi-tier-jit,trmm.wasm,6110.8400390625
start_time,iwasm--multi-tier-jit,trisolv.wasm,6006.74296875
start_time,iwasm--multi-tier-jit,3mm.wasm,6141.52568359375
start_time,iwasm--multi-tier-jit,doitgen.wasm,6150.24931640625
start_time,iwasm--multi-tier-jit,correlation.wasm,6090.9095703125
start_time,iwasm--multi-tier-jit,seidel-2d.wasm,6104.94091796875
start_time,iwasm--multi-tier-jit,mvt.wasm,5862.9509765625
start_time,iwasm--multi-tier-jit,cholesky.wasm,6149.4185546875
start_time,iwasm--multi-tier-jit,symm.wasm,6130.94375
start_time,iwasm--multi-tier-jit,gemm.wasm,6091.5779296875
start_time,iwasm--multi-tier-jit,reg_detect.wasm,6072.6962890625
start_time,iwasm--multi-tier-jit,fdtd-apml.wasm,6123.9724609375
start_time,iwasm--multi-tier-jit,dynprog.wasm,6177.6087890625
