start_time,iwasm--llvm-jit,lu.wasm,6170.71826171875
start_time,iwasm--llvm-jit,gramschmidt.wasm,6129.07158203125
start_time,iwasm--llvm-jit,floyd-warshall.wasm,6156.61025390625
start_time,iwasm--llvm-jit,bicg.wasm,6204.65673828125
start_time,iwasm--llvm-jit,adi.wasm,6270.90439453125
start_time,iwasm--llvm-jit,2mm.wasm,6205.80927734375
start_time,iwasm--llvm-jit,fdtd-2d.wasm,5907.873046875
start_time,iwasm--llvm-jit,syr2k.wasm,6138.242578125
start_time,iwasm--llvm-jit,gesummv.wasm,6072.3041015625
start_time,iwasm--llvm-jit,atax.wasm,6135.037109375
start_time,iwasm--llvm-jit,jacobi-2d-imper.wasm,6144.543359375
start_time,iwasm--llvm-jit,ludcmp.wasm,6395.64052734375
start_time,iwasm--llvm-jit,durbin.wasm,6158.53466796875
start_time,iwasm--llvm-jit,gemver.wasm,6106.8375
start_time,iwasm--llvm-jit,syrk.wasm,6160.9576171875
start_time,iwasm--llvm-jit,jacobi-1d-imper.wasm,6128.66416015625
start_time,iwasm--llvm-jit,covariance.wasm,6067.93828125
start_time,iwasm--llvm-jit,trmm.wasm,6170.35859375
start_time,iwasm--llvm-jit,trisolv.wasm,6097.11474609375
start_time,iwasm--llvm-jit,3mm.wasm,6120.75146484375
start_time,iwasm--llvm-jit,doitgen.wasm,6091.4517578125
start_time,iwasm--llvm-jit,correlation.wasm,6135.51865234375
start_time,iwasm--llvm-jit,seidel-2d.wasm,6070.77666015625
start_time,iwasm--llvm-jit,mvt.wasm,6105.07314453125
start_time,iwasm--llvm-jit,cholesky.wasm,6075.12861328125
start_time,iwasm--llvm-jit,symm.wasm,6117.084375
start_time,iwasm--llvm-jit,gemm.wasm,6147.091796875
start_time,iwasm--llvm-jit,reg_detect.wasm,6223.3353515625
start_time,iwasm--llvm-jit,fdtd-apml.wasm,6159.823046875
start_time,iwasm--llvm-jit,dynprog.wasm,6185.6072265625
