start_time,wasm3--compile,lu.wasm,1304.12265625
start_time,wasm3--compile,gramschmidt.wasm,1325.8994140625
start_time,wasm3--compile,floyd-warshall.wasm,1295.46162109375
start_time,wasm3--compile,bicg.wasm,1319.7556640625
start_time,wasm3--compile,adi.wasm,1309.96083984375
start_time,wasm3--compile,2mm.wasm,1220.3103515625
start_time,wasm3--compile,fdtd-2d.wasm,1343.94482421875
start_time,wasm3--compile,syr2k.wasm,1299.52265625
start_time,wasm3--compile,gesummv.wasm,1299.98154296875
start_time,wasm3--compile,atax.wasm,1329.53095703125
start_time,wasm3--compile,jacobi-2d-imper.wasm,1291.85224609375
start_time,wasm3--compile,ludcmp.wasm,1319.91826171875
start_time,wasm3--compile,durbin.wasm,1305.08720703125
start_time,wasm3--compile,gemver.wasm,1268.84521484375
start_time,wasm3--compile,syrk.wasm,1309.870703125
start_time,wasm3--compile,jacobi-1d-imper.wasm,1287.5224609375
start_time,wasm3--compile,covariance.wasm,1300.75361328125
start_time,wasm3--compile,trmm.wasm,1303.410546875
start_time,wasm3--compile,trisolv.wasm,1310.99013671875
start_time,wasm3--compile,3mm.wasm,1324.49931640625
start_time,wasm3--compile,doitgen.wasm,1211.8552734375
start_time,wasm3--compile,correlation.wasm,1208.1376953125
start_time,wasm3--compile,seidel-2d.wasm,1297.33095703125
start_time,wasm3--compile,mvt.wasm,1307.23046875
start_time,wasm3--compile,cholesky.wasm,1321.726953125
start_time,wasm3--compile,symm.wasm,1306.9248046875
start_time,wasm3--compile,gemm.wasm,1278.513671875
start_time,wasm3--compile,reg_detect.wasm,1289.86015625
start_time,wasm3--compile,fdtd-apml.wasm,1304.440625
start_time,wasm3--compile,dynprog.wasm,1299.8591796875
