start_time,iwasm,lu.wasm,1246.76689453125
start_time,iwasm,gramschmidt.wasm,1264.04501953125
start_time,iwasm,floyd-warshall.wasm,1246.03037109375
start_time,iwasm,bicg.wasm,1188.195703125
start_time,iwasm,adi.wasm,1207.9763671875
start_time,iwasm,2mm.wasm,1223.1857421875
start_time,iwasm,fdtd-2d.wasm,1243.415234375
start_time,iwasm,syr2k.wasm,1242.64912109375
start_time,iwasm,gesummv.wasm,1225.41953125
start_time,iwasm,atax.wasm,1246.67822265625
start_time,iwasm,jacobi-2d-imper.wasm,1255.6255859375
start_time,iwasm,ludcmp.wasm,1238.175
start_time,iwasm,durbin.wasm,1263.51650390625
start_time,iwasm,gemver.wasm,1266.4267578125
start_time,iwasm,syrk.wasm,1246.65517578125
start_time,iwasm,jacobi-1d-imper.wasm,1239.6734375
start_time,iwasm,covariance.wasm,1257.32978515625
start_time,iwasm,trmm.wasm,1239.72265625
start_time,iwasm,trisolv.wasm,1232.55234375
start_time,iwasm,3mm.wasm,1245.82255859375
start_time,iwasm,doitgen.wasm,1219.02373046875
start_time,iwasm,correlation.wasm,1238.82265625
start_time,iwasm,seidel-2d.wasm,1253.81083984375
start_time,iwasm,mvt.wasm,1243.1412109375
start_time,iwasm,cholesky.wasm,1270.80615234375
start_time,iwasm,symm.wasm,1246.6671875
start_time,iwasm,gemm.wasm,1237.8529296875
start_time,iwasm,reg_detect.wasm,1238.11640625
start_time,iwasm,fdtd-apml.wasm,1251.2982421875
start_time,iwasm,dynprog.wasm,1258.5193359375
