start_time,iwasm_aot,lu.wasm,1229.17080078125
start_time,iwasm_aot,gramschmidt.wasm,1254.0716796875
start_time,iwasm_aot,floyd-warshall.wasm,1213.3681640625
start_time,iwasm_aot,bicg.wasm,1266.680859375
start_time,iwasm_aot,adi.wasm,1227.37734375
start_time,iwasm_aot,2mm.wasm,1149.2970703125
start_time,iwasm_aot,fdtd-2d.wasm,1237.78095703125
start_time,iwasm_aot,syr2k.wasm,1239.8740234375
start_time,iwasm_aot,gesummv.wasm,1252.50947265625
start_time,iwasm_aot,atax.wasm,1224.55751953125
start_time,iwasm_aot,jacobi-2d-imper.wasm,1242.71748046875
start_time,iwasm_aot,ludcmp.wasm,1278.3787109375
start_time,iwasm_aot,durbin.wasm,1263.66435546875
start_time,iwasm_aot,gemver.wasm,1232.719921875
start_time,iwasm_aot,syrk.wasm,1225.2025390625
start_time,iwasm_aot,jacobi-1d-imper.wasm,1271.77734375
start_time,iwasm_aot,covariance.wasm,1229.259765625
start_time,iwasm_aot,trmm.wasm,1213.59599609375
start_time,iwasm_aot,trisolv.wasm,1242.68818359375
start_time,iwasm_aot,3mm.wasm,1174.11396484375
start_time,iwasm_aot,doitgen.wasm,1258.04482421875
start_time,iwasm_aot,correlation.wasm,1236.160546875
start_time,iwasm_aot,seidel-2d.wasm,1257.16982421875
start_time,iwasm_aot,mvt.wasm,1253.896875
start_time,iwasm_aot,cholesky.wasm,1234.502734375
start_time,iwasm_aot,symm.wasm,1227.9974609375
start_time,iwasm_aot,gemm.wasm,1231.66953125
start_time,iwasm_aot,reg_detect.wasm,1230.1966796875
start_time,iwasm_aot,fdtd-apml.wasm,1239.3216796875
start_time,iwasm_aot,dynprog.wasm,1248.825390625
