start_time,wasmedge_aot,lu.wasm,11482.651171875
start_time,wasmedge_aot,gramschmidt.wasm,11521.1080078125
start_time,wasmedge_aot,floyd-warshall.wasm,11490.31708984375
start_time,wasmedge_aot,bicg.wasm,11408.6505859375
start_time,wasmedge_aot,adi.wasm,11483.53525390625
start_time,wasmedge_aot,2mm.wasm,11406.08046875
start_time,wasmedge_aot,fdtd-2d.wasm,11506.05810546875
start_time,wasmedge_aot,syr2k.wasm,11408.42939453125
start_time,wasmedge_aot,gesummv.wasm,11507.63505859375
start_time,wasmedge_aot,atax.wasm,11599.5044921875
start_time,wasmedge_aot,jacobi-2d-imper.wasm,11558.79189453125
start_time,wasmedge_aot,ludcmp.wasm,11519.08232421875
start_time,wasmedge_aot,durbin.wasm,11557.63466796875
start_time,wasmedge_aot,gemver.wasm,11592.7103515625
start_time,wasmedge_aot,syrk.wasm,11563.34453125
start_time,wasmedge_aot,jacobi-1d-imper.wasm,11483.5537109375
start_time,wasmedge_aot,covariance.wasm,11432.27861328125
start_time,wasmedge_aot,trmm.wasm,11490.5384765625
start_time,wasmedge_aot,trisolv.wasm,11474.84638671875
start_time,wasmedge_aot,3mm.wasm,11450.64697265625
start_time,wasmedge_aot,doitgen.wasm,11507.2828125
start_time,wasmedge_aot,correlation.wasm,11480.451171875
start_time,wasmedge_aot,seidel-2d.wasm,11500.16171875
start_time,wasmedge_aot,mvt.wasm,11504.80166015625
start_time,wasmedge_aot,cholesky.wasm,11442.6056640625
start_time,wasmedge_aot,symm.wasm,11539.1826171875
start_time,wasmedge_aot,gemm.wasm,11464.57265625
start_time,wasmedge_aot,reg_detect.wasm,11529.2615234375
start_time,wasmedge_aot,fdtd-apml.wasm,11498.622265625
start_time,wasmedge_aot,dynprog.wasm,11466.7630859375
