start_time,iwasm--fast-jit,lu.wasm,6192.9564453125
start_time,iwasm--fast-jit,gramschmidt.wasm,6026.08681640625
start_time,iwasm--fast-jit,floyd-warshall.wasm,6136.3982421875
start_time,iwasm--fast-jit,bicg.wasm,6177.85048828125
start_time,iwasm--fast-jit,adi.wasm,6068.14970703125
start_time,iwasm--fast-jit,2mm.wasm,6135.04716796875
start_time,iwasm--fast-jit,fdtd-2d.wasm,6028.96962890625
start_time,iwasm--fast-jit,syr2k.wasm,6140.93544921875
start_time,iwasm--fast-jit,gesummv.wasm,6124.4568359375
start_time,iwasm--fast-jit,atax.wasm,6182.1171875
start_time,iwasm--fast-jit,jacobi-2d-imper.wasm,6157.64462890625
start_time,iwasm--fast-jit,ludcmp.wasm,6062.3244140625
start_time,iwasm--fast-jit,durbin.wasm,6041.7923828125
start_time,iwasm--fast-jit,gemver.wasm,6124.630078125
start_time,iwasm--fast-jit,syrk.wasm,6099.9779296875
start_time,iwasm--fast-jit,jacobi-1d-imper.wasm,5984.0892578125
start_time,iwasm--fast-jit,covariance.wasm,6104.70615234375
start_time,iwasm--fast-jit,trmm.wasm,6187.48662109375
start_time,iwasm--fast-jit,trisolv.wasm,6145.74345703125
start_time,iwasm--fast-jit,3mm.wasm,6243.23134765625
start_time,iwasm--fast-jit,doitgen.wasm,6170.96484375
start_time,iwasm--fast-jit,correlation.wasm,6075.60810546875
start_time,iwasm--fast-jit,seidel-2d.wasm,6123.18740234375
start_time,iwasm--fast-jit,mvt.wasm,6077.8345703125
start_time,iwasm--fast-jit,cholesky.wasm,6067.8791015625
start_time,iwasm--fast-jit,symm.wasm,6100.4958984375
start_time,iwasm--fast-jit,gemm.wasm,6128.2828125
start_time,iwasm--fast-jit,reg_detect.wasm,6137.6703125
start_time,iwasm--fast-jit,fdtd-apml.wasm,6135.0705078125
start_time,iwasm--fast-jit,dynprog.wasm,6040.57265625
