start_time,wasmer,lu.wasm,8641.22919921875
start_time,wasmer,gramschmidt.wasm,8701.84404296875
start_time,wasmer,floyd-warshall.wasm,8440.10087890625
start_time,wasmer,bicg.wasm,8568.30126953125
start_time,wasmer,adi.wasm,8751.20732421875
start_time,wasmer,2mm.wasm,8670.1181640625
start_time,wasmer,fdtd-2d.wasm,8692.2751953125
start_time,wasmer,syr2k.wasm,8700.61533203125
start_time,wasmer,gesummv.wasm,8759.37861328125
start_time,wasmer,atax.wasm,8578.5248046875
start_time,wasmer,jacobi-2d-imper.wasm,8727.1265625
start_time,wasmer,ludcmp.wasm,8766.02763671875
start_time,wasmer,durbin.wasm,8695.21103515625
start_time,wasmer,gemver.wasm,8732.24228515625
start_time,wasmer,syrk.wasm,8774.543359375
start_time,wasmer,jacobi-1d-imper.wasm,8714.20498046875
start_time,wasmer,covariance.wasm,8805.01865234375
start_time,wasmer,trmm.wasm,8766.9884765625
start_time,wasmer,trisolv.wasm,8761.9638671875
start_time,wasmer,3mm.wasm,8722.11640625
start_time,wasmer,doitgen.wasm,8764.44921875
start_time,wasmer,correlation.wasm,8637.40322265625
start_time,wasmer,seidel-2d.wasm,8749.1103515625
start_time,wasmer,mvt.wasm,8811.65087890625
start_time,wasmer,cholesky.wasm,8699.08740234375
start_time,wasmer,symm.wasm,8562.06005859375
start_time,wasmer,gemm.wasm,8751.8974609375
start_time,wasmer,reg_detect.wasm,8743.262890625
start_time,wasmer,fdtd-apml.wasm,8661.2513671875
start_time,wasmer,dynprog.wasm,8670.502734375
