start_time,wasmtime,lu.wasm,6874.30966796875
start_time,wasmtime,gramschmidt.wasm,5135.93603515625
start_time,wasmtime,floyd-warshall.wasm,4906.80595703125
start_time,wasmtime,bicg.wasm,4956.01943359375
start_time,wasmtime,adi.wasm,5173.11142578125
start_time,wasmtime,2mm.wasm,5191.18125
start_time,wasmtime,fdtd-2d.wasm,5247.8853515625
start_time,wasmtime,syr2k.wasm,5214.99990234375
start_time,wasmtime,gesummv.wasm,5230.0556640625
start_time,wasmtime,atax.wasm,5249.7421875
start_time,wasmtime,jacobi-2d-imper.wasm,5256.0638671875
start_time,wasmtime,ludcmp.wasm,5242.2408203125
start_time,wasmtime,durbin.wasm,4640.6275390625
start_time,wasmtime,gemver.wasm,5120.8197265625
start_time,wasmtime,syrk.wasm,5263.42080078125
start_time,wasmtime,jacobi-1d-imper.wasm,5181.0705078125
start_time,wasmtime,covariance.wasm,5239.37578125
start_time,wasmtime,trmm.wasm,5217.76845703125
start_time,wasmtime,trisolv.wasm,5142.99306640625
start_time,wasmtime,3mm.wasm,5199.96689453125
start_time,wasmtime,doitgen.wasm,5044.36953125
start_time,wasmtime,correlation.wasm,5184.06982421875
start_time,wasmtime,seidel-2d.wasm,5190.21708984375
start_time,wasmtime,mvt.wasm,5128.85361328125
start_time,wasmtime,cholesky.wasm,5137.7732421875
start_time,wasmtime,symm.wasm,5197.725390625
start_time,wasmtime,gemm.wasm,5270.9474609375
start_time,wasmtime,reg_detect.wasm,5193.67734375
start_time,wasmtime,fdtd-apml.wasm,5160.532421875
start_time,wasmtime,dynprog.wasm,5218.105859375
