code_loaded_time,iwasm--fast-jit,methcall.wasm,6708.6333984375
code_loaded_time,iwasm--fast-jit,hello.wasm,6501.7087890625
code_loaded_time,iwasm--fast-jit,matrix.wasm,6667.414453125
code_loaded_time,iwasm--fast-jit,fib2.wasm,8239.545703125
code_loaded_time,iwasm--fast-jit,random.wasm,6666.60703125
code_loaded_time,iwasm--fast-jit,nestedloop.wasm,6670.6697265625
code_loaded_time,iwasm--fast-jit,strcat.wasm,6892.4482421875
code_loaded_time,iwasm--fast-jit,hash.wasm,6836.9345703125
code_loaded_time,iwasm--fast-jit,lists.wasm,6954.4197265625
code_loaded_time,iwasm--fast-jit,objinst.wasm,6651.2958984375
code_loaded_time,iwasm--fast-jit,ackermann.wasm,6748.960546875
code_loaded_time,iwasm--fast-jit,heapsort.wasm,6777.4779296875
code_loaded_time,iwasm--fast-jit,ary3.wasm,6710.648046875
code_loaded_time,iwasm--fast-jit,sieve.wasm,6597.871875
