code_loaded_time,iwasm,methcall.wasm,7607.4685546875
code_loaded_time,iwasm,hello.wasm,7204.0384765625
code_loaded_time,iwasm,matrix.wasm,7679.2888671875
code_loaded_time,iwasm,fib2.wasm,7401.9525390625
code_loaded_time,iwasm,random.wasm,7644.1447265625
code_loaded_time,iwasm,nestedloop.wasm,7402.175
code_loaded_time,iwasm,strcat.wasm,7962.796484375
code_loaded_time,iwasm,hash.wasm,7784.695703125
code_loaded_time,iwasm,lists.wasm,7707.69140625
code_loaded_time,iwasm,objinst.wasm,7519.4435546875
code_loaded_time,iwasm,ackermann.wasm,7398.709375
code_loaded_time,iwasm,heapsort.wasm,7917.41875
code_loaded_time,iwasm,ary3.wasm,7666.1265625
code_loaded_time,iwasm,sieve.wasm,7397.19765625
