code_loaded_time,wasmtime,methcall.wasm,9673.983984375
code_loaded_time,wasmtime,hello.wasm,4540.769140625
code_loaded_time,wasmtime,matrix.wasm,9673.15234375
code_loaded_time,wasmtime,fib2.wasm,10504.04140625
code_loaded_time,wasmtime,random.wasm,8733.1255859375
code_loaded_time,wasmtime,nestedloop.wasm,8718.0044921875
code_loaded_time,wasmtime,strcat.wasm,10428.403125
code_loaded_time,wasmtime,hash.wasm,11178.1380859375
code_loaded_time,wasmtime,lists.wasm,10307.7509765625
code_loaded_time,wasmtime,objinst.wasm,11601.9451171875
code_loaded_time,wasmtime,ackermann.wasm,9063.2576171875
code_loaded_time,wasmtime,heapsort.wasm,13435.0984375
code_loaded_time,wasmtime,ary3.wasm,11025.5626953125
code_loaded_time,wasmtime,sieve.wasm,8868.0099609375
