code_loaded_time,wasmer,methcall.wasm,10506.0759765625
code_loaded_time,wasmer,hello.wasm,4848.3041015625
code_loaded_time,wasmer,matrix.wasm,10903.497265625
code_loaded_time,wasmer,fib2.wasm,11321.8703125
code_loaded_time,wasmer,random.wasm,9648.1361328125
code_loaded_time,wasmer,nestedloop.wasm,9552.2859375
code_loaded_time,wasmer,strcat.wasm,11084.453125
code_loaded_time,wasmer,hash.wasm,13684.2615234375
code_loaded_time,wasmer,lists.wasm,10841.4927734375
code_loaded_time,wasmer,objinst.wasm,10451.88046875
code_loaded_time,wasmer,ackermann.wasm,9629.329296875
code_loaded_time,wasmer,heapsort.wasm,13951.1072265625
code_loaded_time,wasmer,ary3.wasm,11568.23046875
code_loaded_time,wasmer,sieve.wasm,9629.7666015625
