code_loaded_time,wasm3,methcall.wasm,230308.0720703125
code_loaded_time,wasm3,hello.wasm,229107.6810546875
code_loaded_time,wasm3,matrix.wasm,229958.905859375
code_loaded_time,wasm3,fib2.wasm,228777.480859375
code_loaded_time,wasm3,random.wasm,228470.181640625
code_loaded_time,wasm3,nestedloop.wasm,229435.86015625
code_loaded_time,wasm3,strcat.wasm,229266.2638671875
code_loaded_time,wasm3,hash.wasm,230169.8365234375
code_loaded_time,wasm3,lists.wasm,228692.9533203125
code_loaded_time,wasm3,objinst.wasm,233032.1234375
code_loaded_time,wasm3,ackermann.wasm,225588.23359375
code_loaded_time,wasm3,heapsort.wasm,226461.39453125
code_loaded_time,wasm3,ary3.wasm,225884.0259765625
code_loaded_time,wasm3,sieve.wasm,225306.4162109375
