code_loaded_time,wasmedge_aot,methcall.wasm,758.5552734375
code_loaded_time,wasmedge_aot,hello.wasm,735.824609375
code_loaded_time,wasmedge_aot,matrix.wasm,784.450390625
code_loaded_time,wasmedge_aot,fib2.wasm,746.6685546875
code_loaded_time,wasmedge_aot,random.wasm,780.3009765625
code_loaded_time,wasmedge_aot,nestedloop.wasm,770.0529296875
code_loaded_time,wasmedge_aot,strcat.wasm,801.60546875
code_loaded_time,wasmedge_aot,hash.wasm,798.3900390625
code_loaded_time,wasmedge_aot,lists.wasm,796.1162109375
code_loaded_time,wasmedge_aot,objinst.wasm,761.02890625
code_loaded_time,wasmedge_aot,ackermann.wasm,767.392578125
code_loaded_time,wasmedge_aot,heapsort.wasm,809.055078125
code_loaded_time,wasmedge_aot,ary3.wasm,789.271484375
code_loaded_time,wasmedge_aot,sieve.wasm,758.975
