code_loaded_time,wasm3--compile,methcall.wasm,230628.2947265625
code_loaded_time,wasm3--compile,hello.wasm,228876.99609375
code_loaded_time,wasm3--compile,matrix.wasm,230404.465625
code_loaded_time,wasm3--compile,fib2.wasm,229161.60859375
code_loaded_time,wasm3--compile,random.wasm,229067.6216796875
code_loaded_time,wasm3--compile,nestedloop.wasm,230730.2158203125
code_loaded_time,wasm3--compile,strcat.wasm,230465.6611328125
code_loaded_time,wasm3--compile,hash.wasm,230665.9005859375
code_loaded_time,wasm3--compile,lists.wasm,229245.2322265625
code_loaded_time,wasm3--compile,objinst.wasm,225178.420703125
code_loaded_time,wasm3--compile,ackermann.wasm,225760.7201171875
code_loaded_time,wasm3--compile,heapsort.wasm,226716.4380859375
code_loaded_time,wasm3--compile,ary3.wasm,226216.39296875
code_loaded_time,wasm3--compile,sieve.wasm,225835.321875
