code_loaded_time,iwasm--llvm-jit,methcall.wasm,45940.347265625
code_loaded_time,iwasm--llvm-jit,hello.wasm,16157.3416015625
code_loaded_time,iwasm--llvm-jit,matrix.wasm,55831.1814453125
code_loaded_time,iwasm--llvm-jit,fib2.wasm,33195.34375
code_loaded_time,iwasm--llvm-jit,random.wasm,45539.646484375
code_loaded_time,iwasm--llvm-jit,nestedloop.wasm,32565.613671875
code_loaded_time,iwasm--llvm-jit,strcat.wasm,68503.1841796875
code_loaded_time,iwasm--llvm-jit,hash.wasm,64233.7171875
code_loaded_time,iwasm--llvm-jit,lists.wasm,63816.9818359375
code_loaded_time,iwasm--llvm-jit,objinst.wasm,41719.8861328125
code_loaded_time,iwasm--llvm-jit,ackermann.wasm,33420.251171875
code_loaded_time,iwasm--llvm-jit,heapsort.wasm,76810.1955078125
code_loaded_time,iwasm--llvm-jit,ary3.wasm,63431.68203125
code_loaded_time,iwasm--llvm-jit,sieve.wasm,33624.964453125
