code_loaded_time,iwasm--multi-tier-jit,methcall.wasm,6670.0935546875
code_loaded_time,iwasm--multi-tier-jit,hello.wasm,6513.4267578125
code_loaded_time,iwasm--multi-tier-jit,matrix.wasm,6736.7828125
code_loaded_time,iwasm--multi-tier-jit,fib2.wasm,6647.3384765625
code_loaded_time,iwasm--multi-tier-jit,random.wasm,6606.9736328125
code_loaded_time,iwasm--multi-tier-jit,nestedloop.wasm,6570.1763671875
code_loaded_time,iwasm--multi-tier-jit,strcat.wasm,6953.326171875
code_loaded_time,iwasm--multi-tier-jit,hash.wasm,7047.7779296875
code_loaded_time,iwasm--multi-tier-jit,lists.wasm,8387.682421875
code_loaded_time,iwasm--multi-tier-jit,objinst.wasm,6766.0248046875
code_loaded_time,iwasm--multi-tier-jit,ackermann.wasm,6656.4037109375
code_loaded_time,iwasm--multi-tier-jit,heapsort.wasm,6720.425390625
code_loaded_time,iwasm--multi-tier-jit,ary3.wasm,6700.7076171875
code_loaded_time,iwasm--multi-tier-jit,sieve.wasm,6698.501953125
