code_loaded_time,iwasm_aot,methcall.wasm,7035.727734375
code_loaded_time,iwasm_aot,hello.wasm,7132.1439453125
code_loaded_time,iwasm_aot,matrix.wasm,7196.4744140625
code_loaded_time,iwasm_aot,fib2.wasm,7109.316015625
code_loaded_time,iwasm_aot,random.wasm,7178.438671875
code_loaded_time,iwasm_aot,nestedloop.wasm,7972.9498046875
code_loaded_time,iwasm_aot,strcat.wasm,7263.19140625
code_loaded_time,iwasm_aot,hash.wasm,7949.3189453125
code_loaded_time,iwasm_aot,lists.wasm,7144.8931640625
code_loaded_time,iwasm_aot,objinst.wasm,7173.176171875
code_loaded_time,iwasm_aot,ackermann.wasm,7190.1880859375
code_loaded_time,iwasm_aot,heapsort.wasm,6974.8427734375
code_loaded_time,iwasm_aot,ary3.wasm,7093.780078125
code_loaded_time,iwasm_aot,sieve.wasm,7125.989453125
