start_time,wasmedge_aot,methcall.wasm,11523.58671875
start_time,wasmedge_aot,hello.wasm,11536.787890625
start_time,wasmedge_aot,matrix.wasm,11580.9673828125
start_time,wasmedge_aot,fib2.wasm,11534.905078125
start_time,wasmedge_aot,random.wasm,11409.9306640625
start_time,wasmedge_aot,nestedloop.wasm,11548.63125
start_time,wasmedge_aot,strcat.wasm,11398.5603515625
start_time,wasmedge_aot,hash.wasm,11431.2771484375
start_time,wasmedge_aot,lists.wasm,11451.7984375
start_time,wasmedge_aot,objinst.wasm,11437.24765625
start_time,wasmedge_aot,ackermann.wasm,11513.370703125
start_time,wasmedge_aot,heapsort.wasm,11485.2984375
start_time,wasmedge_aot,ary3.wasm,11638.669921875
start_time,wasmedge_aot,sieve.wasm,11462.5279296875
