start_time,iwasm,methcall.wasm,1284.2115234375
start_time,iwasm,hello.wasm,1236.5609375
start_time,iwasm,matrix.wasm,1281.3111328125
start_time,iwasm,fib2.wasm,1233.0359375
start_time,iwasm,random.wasm,1238.4953125
start_time,iwasm,nestedloop.wasm,1253.17578125
start_time,iwasm,strcat.wasm,1267.8802734375
start_time,iwasm,hash.wasm,1245.0287109375
start_time,iwasm,lists.wasm,1262.6931640625
start_time,iwasm,objinst.wasm,1232.6240234375
start_time,iwasm,ackermann.wasm,1263.976171875
start_time,iwasm,heapsort.wasm,1243.71484375
start_time,iwasm,ary3.wasm,1270.5244140625
start_time,iwasm,sieve.wasm,1228.5361328125
