start_time,iwasm--multi-tier-jit,methcall.wasm,6144.415625
start_time,iwasm--multi-tier-jit,hello.wasm,6171.2462890625
start_time,iwasm--multi-tier-jit,matrix.wasm,6167.5486328125
start_time,iwasm--multi-tier-jit,fib2.wasm,6162.3095703125
start_time,iwasm--multi-tier-jit,random.wasm,6145.283203125
start_time,iwasm--multi-tier-jit,nestedloop.wasm,6120.178125
start_time,iwasm--multi-tier-jit,strcat.wasm,6170.6279296875
start_time,iwasm--multi-tier-jit,hash.wasm,6185.6794921875
start_time,iwasm--multi-tier-jit,lists.wasm,5953.4564453125
start_time,iwasm--multi-tier-jit,objinst.wasm,5918.7943359375
start_time,iwasm--multi-tier-jit,ackermann.wasm,6001.39921875
start_time,iwasm--multi-tier-jit,heapsort.wasm,6108.3845703125
start_time,iwasm--multi-tier-jit,ary3.wasm,6145.6166015625
start_time,iwasm--multi-tier-jit,sieve.wasm,6157.776171875
