start_time,iwasm_aot,methcall.wasm,1252.3150390625
start_time,iwasm_aot,hello.wasm,1248.8513671875
start_time,iwasm_aot,matrix.wasm,1261.5373046875
start_time,iwasm_aot,fib2.wasm,1242.30703125
start_time,iwasm_aot,random.wasm,1225.3724609375
start_time,iwasm_aot,nestedloop.wasm,1321.326953125
start_time,iwasm_aot,strcat.wasm,1254.5658203125
start_time,iwasm_aot,hash.wasm,1250.8466796875
start_time,iwasm_aot,lists.wasm,1245.662890625
start_time,iwasm_aot,objinst.wasm,1240.9857421875
start_time,iwasm_aot,ackermann.wasm,1231.23046875
start_time,iwasm_aot,heapsort.wasm,1153.94765625
start_time,iwasm_aot,ary3.wasm,1261.9138671875
start_time,iwasm_aot,sieve.wasm,1266.9521484375
