start_time,wasm3--compile,methcall.wasm,1331.712890625
start_time,wasm3--compile,hello.wasm,1308.052734375
start_time,wasm3--compile,matrix.wasm,1294.333984375
start_time,wasm3--compile,fib2.wasm,1275.60625
start_time,wasm3--compile,random.wasm,1285.8330078125
start_time,wasm3--compile,nestedloop.wasm,1312.438671875
start_time,wasm3--compile,strcat.wasm,1343.174609375
start_time,wasm3--compile,hash.wasm,1315.0939453125
start_time,wasm3--compile,lists.wasm,1297.814453125
start_time,wasm3--compile,objinst.wasm,1289.9462890625
start_time,wasm3--compile,ackermann.wasm,1309.6556640625
start_time,wasm3--compile,heapsort.wasm,1321.371875
start_time,wasm3--compile,ary3.wasm,1319.3126953125
start_time,wasm3--compile,sieve.wasm,1311.78671875
