start_time,iwasm--fast-jit,methcall.wasm,6178.3615234375
start_time,iwasm--fast-jit,hello.wasm,6137.8185546875
start_time,iwasm--fast-jit,matrix.wasm,6203.08828125
start_time,iwasm--fast-jit,fib2.wasm,6442.8037109375
start_time,iwasm--fast-jit,random.wasm,6089.17265625
start_time,iwasm--fast-jit,nestedloop.wasm,6139.9888671875
start_time,iwasm--fast-jit,strcat.wasm,6211.7138671875
start_time,iwasm--fast-jit,hash.wasm,6153.2921875
start_time,iwasm--fast-jit,lists.wasm,6091.916015625
start_time,iwasm--fast-jit,objinst.wasm,6128.3142578125
start_time,iwasm--fast-jit,ackermann.wasm,6173.6099609375
start_time,iwasm--fast-jit,heapsort.wasm,6118.6078125
start_time,iwasm--fast-jit,ary3.wasm,6085.6353515625
start_time,iwasm--fast-jit,sieve.wasm,6101.725
