start_time,wasm3,methcall.wasm,1298.1703125
start_time,wasm3,hello.wasm,1291.3845703125
start_time,wasm3,matrix.wasm,1316.5119140625
start_time,wasm3,fib2.wasm,1284.4822265625
start_time,wasm3,random.wasm,1284.643359375
start_time,wasm3,nestedloop.wasm,1283.74453125
start_time,wasm3,strcat.wasm,1294.57109375
start_time,wasm3,hash.wasm,1324.925
start_time,wasm3,lists.wasm,1290.0544921875
start_time,wasm3,objinst.wasm,1317.259375
start_time,wasm3,ackermann.wasm,1320.1798828125
start_time,wasm3,heapsort.wasm,1345.0884765625
start_time,wasm3,ary3.wasm,1317.3013671875
start_time,wasm3,sieve.wasm,1241.7791015625
