start_time,iwasm--llvm-jit,methcall.wasm,6214.96953125
start_time,iwasm--llvm-jit,hello.wasm,6138.0189453125
start_time,iwasm--llvm-jit,matrix.wasm,6194.690234375
start_time,iwasm--llvm-jit,fib2.wasm,6153.1498046875
start_time,iwasm--llvm-jit,random.wasm,6124.246484375
start_time,iwasm--llvm-jit,nestedloop.wasm,6147.875
start_time,iwasm--llvm-jit,strcat.wasm,6125.0955078125
start_time,iwasm--llvm-jit,hash.wasm,6156.7794921875
start_time,iwasm--llvm-jit,lists.wasm,5341.0263671875
start_time,iwasm--llvm-jit,objinst.wasm,6080.0453125
start_time,iwasm--llvm-jit,ackermann.wasm,6196.983984375
start_time,iwasm--llvm-jit,heapsort.wasm,6127.412890625
start_time,iwasm--llvm-jit,ary3.wasm,6154.526953125
start_time,iwasm--llvm-jit,sieve.wasm,6216.8021484375
