start_time,wasmer,methcall.wasm,8702.974609375
start_time,wasmer,hello.wasm,8687.3296875
start_time,wasmer,matrix.wasm,8695.880078125
start_time,wasmer,fib2.wasm,8820.4341796875
start_time,wasmer,random.wasm,8677.94921875
start_time,wasmer,nestedloop.wasm,8723.8548828125
start_time,wasmer,strcat.wasm,8762.7376953125
start_time,wasmer,hash.wasm,8778.31328125
start_time,wasmer,lists.wasm,8715.783984375
start_time,wasmer,objinst.wasm,8621.231640625
start_time,wasmer,ackermann.wasm,8714.34375
start_time,wasmer,heapsort.wasm,8681.9015625
start_time,wasmer,ary3.wasm,8724.9162109375
start_time,wasmer,sieve.wasm,8678.1046875
