start_time,wasmtime,methcall.wasm,5140.2111328125
start_time,wasmtime,hello.wasm,5244.8029296875
start_time,wasmtime,matrix.wasm,5201.5140625
start_time,wasmtime,fib2.wasm,5278.00546875
start_time,wasmtime,random.wasm,5161.7986328125
start_time,wasmtime,nestedloop.wasm,5097.516015625
start_time,wasmtime,strcat.wasm,5233.9181640625
start_time,wasmtime,hash.wasm,5237.2099609375
start_time,wasmtime,lists.wasm,5235.52109375
start_time,wasmtime,objinst.wasm,4768.275
start_time,wasmtime,ackermann.wasm,5175.4802734375
start_time,wasmtime,heapsort.wasm,5218.3720703125
start_time,wasmtime,ary3.wasm,5226.816015625
start_time,wasmtime,sieve.wasm,5170.41015625
