total_time,wasmtime,methcall.wasm,7029393.6259765625
total_time,wasmtime,hello.wasm,52801.5943359375
total_time,wasmtime,moments.wasm,100373.48359375
total_time,wasmtime,lists1.wasm,166170.993359375
total_time,wasmtime,ary2.wasm,94772.41796875
total_time,wasmtime,matrix.wasm,3257724.0611328124
total_time,wasmtime,except.wasm,16397.3490234375
total_time,wasmtime,random.wasm,3444739.4373046877
total_time,wasmtime,nestedloop.wasm,52529.274609375
total_time,wasmtime,ary.wasm,100037.2455078125
total_time,wasmtime,strcat.wasm,249757.568359375
total_time,wasmtime,hash.wasm,578001.521875
total_time,wasmtime,lists.wasm,1896157.331640625
total_time,wasmtime,objinst.wasm,52033.98203125
total_time,wasmtime,ackermann.wasm,727099.5013671875
total_time,wasmtime,heapsort.wasm,2190981.303125
total_time,wasmtime,ary3.wasm,1513522.8779296875
total_time,wasmtime,sieve.wasm,990083.9986328125
total_time,wasmtime,hash2.wasm,1514651.52265625
total_time,wasmtime,fibo.wasm,2082213.4685546875
