total_time,iwasm,methcall.wasm,68450269.82578126
total_time,iwasm,hello.wasm,14227.6810546875
total_time,iwasm,moments.wasm,357795.5095703125
total_time,iwasm,lists1.wasm,1094998.0400390625
total_time,iwasm,ary2.wasm,171930.756640625
total_time,iwasm,matrix.wasm,35810867.12265625
total_time,iwasm,except.wasm,9527.8833984375
total_time,iwasm,random.wasm,4412760.289453125
total_time,iwasm,nestedloop.wasm,16419.06328125
total_time,iwasm,ary.wasm,202902.96640625
total_time,iwasm,strcat.wasm,2040839.10546875
total_time,iwasm,hash.wasm,3545526.45390625
total_time,iwasm,lists.wasm,22963386.218945313
total_time,iwasm,objinst.wasm,14411.3884765625
total_time,iwasm,ackermann.wasm,20044.138671875
total_time,iwasm,heapsort.wasm,9721455.5828125
total_time,iwasm,ary3.wasm,21950866.413867187
total_time,iwasm,sieve.wasm,3805911.88984375
total_time,iwasm,hash2.wasm,12029225.370898437
total_time,iwasm,fibo.wasm,20565283.8453125
