total_time,wasmedge_aot,methcall.wasm,54640544.07402344
total_time,wasmedge_aot,hello.wasm,15334.3947265625
total_time,wasmedge_aot,moments.wasm,94650.79140625
total_time,wasmedge_aot,lists1.wasm,112922.60859375
total_time,wasmedge_aot,ary2.wasm,57613.4958984375
total_time,wasmedge_aot,matrix.wasm,2043558.7525390624
total_time,wasmedge_aot,except.wasm,13929.3439453125
total_time,wasmedge_aot,random.wasm,1562140.4126953124
total_time,wasmedge_aot,nestedloop.wasm,15313.0080078125
total_time,wasmedge_aot,ary.wasm,58342.72734375
total_time,wasmedge_aot,strcat.wasm,110219.46640625
total_time,wasmedge_aot,hash.wasm,465061.2986328125
total_time,wasmedge_aot,lists.wasm,1634879.0115234375
total_time,wasmedge_aot,objinst.wasm,15412.977734375
total_time,wasmedge_aot,ackermann.wasm,796392.0865234375
total_time,wasmedge_aot,heapsort.wasm,1843187.3486328125
total_time,wasmedge_aot,ary3.wasm,1395170.977734375
total_time,wasmedge_aot,sieve.wasm,913085.6701171875
total_time,wasmedge_aot,hash2.wasm,1155557.319921875
total_time,wasmedge_aot,fibo.wasm,1263248.871484375
