total_time,wasmer,methcall.wasm,7547846.713671875
total_time,wasmer,hello.wasm,57549.5384765625
total_time,wasmer,moments.wasm,108998.4123046875
total_time,wasmer,lists1.wasm,177077.8720703125
total_time,wasmer,ary2.wasm,96829.4169921875
total_time,wasmer,matrix.wasm,2894669.0552734374
total_time,wasmer,except.wasm,21700.115625
total_time,wasmer,random.wasm,1712095.3279296875
total_time,wasmer,nestedloop.wasm,59819.9044921875
total_time,wasmer,ary.wasm,106207.868359375
total_time,wasmer,strcat.wasm,262343.4271484375
total_time,wasmer,hash.wasm,596969.3275390625
total_time,wasmer,lists.wasm,2155894.1794921877
total_time,wasmer,objinst.wasm,59371.51796875
total_time,wasmer,ackermann.wasm,1103835.71015625
total_time,wasmer,heapsort.wasm,2585770.0693359375
total_time,wasmer,ary3.wasm,1930991.9072265625
total_time,wasmer,sieve.wasm,1270373.4919921875
total_time,wasmer,hash2.wasm,2068836.6599609375
total_time,wasmer,fibo.wasm,2190928.7927734377
