total_time,wasm3,methcall.wasm,45589898.84667969
total_time,wasm3,hello.wasm,257751.6380859375
total_time,wasm3,moments.wasm,501898.4150390625
total_time,wasm3,lists1.wasm,1082824.8142578125
total_time,wasm3,ary2.wasm,375257.9576171875
total_time,wasm3,matrix.wasm,29247038.05078125
total_time,wasm3,except.wasm,257820.1826171875
total_time,wasm3,random.wasm,4083107.9443359375
total_time,wasm3,nestedloop.wasm,257480.0310546875
total_time,wasm3,ary.wasm,427553.984375
total_time,wasm3,strcat.wasm,1810902.4041015625
total_time,wasm3,hash.wasm,3661949.189453125
total_time,wasm3,lists.wasm,17288591.65097656
total_time,wasm3,objinst.wasm,257545.668359375
total_time,wasm3,ackermann.wasm,272833.7775390625
total_time,wasm3,heapsort.wasm,7071251.7140625
total_time,wasm3,ary3.wasm,21220855.255078126
total_time,wasm3,sieve.wasm,3305527.805859375
total_time,wasm3,hash2.wasm,10567181.83671875
total_time,wasm3,fibo.wasm,17958638.300390624
