total_time,iwasm--multi-tier-jit,methcall.wasm,11813223.758789062
total_time,iwasm--multi-tier-jit,hello.wasm,313949.8595703125
total_time,iwasm--multi-tier-jit,moments.wasm,172944.016015625
total_time,iwasm--multi-tier-jit,lists1.wasm,327927.3658203125
total_time,iwasm--multi-tier-jit,ary2.wasm,327470.897265625
total_time,iwasm--multi-tier-jit,matrix.wasm,4454464.01484375
total_time,iwasm--multi-tier-jit,except.wasm,38476.6080078125
total_time,iwasm--multi-tier-jit,random.wasm,3913024.551953125
total_time,iwasm--multi-tier-jit,nestedloop.wasm,315196.8376953125
total_time,iwasm--multi-tier-jit,ary.wasm,325242.3185546875
total_time,iwasm--multi-tier-jit,strcat.wasm,484892.758203125
total_time,iwasm--multi-tier-jit,hash.wasm,793600.08046875
total_time,iwasm--multi-tier-jit,lists.wasm,2995526.7947265627
total_time,iwasm--multi-tier-jit,objinst.wasm,316833.083984375
total_time,iwasm--multi-tier-jit,ackermann.wasm,317500.9638671875
total_time,iwasm--multi-tier-jit,heapsort.wasm,2575657.455078125
total_time,iwasm--multi-tier-jit,ary3.wasm,3445500.7150390623
total_time,iwasm--multi-tier-jit,sieve.wasm,1612973.4837890626
total_time,iwasm--multi-tier-jit,hash2.wasm,1926422.9125
total_time,iwasm--multi-tier-jit,fibo.wasm,1979989.83046875
