total_time,wasm3--compile,methcall.wasm,45298468.15625
total_time,wasm3--compile,hello.wasm,260890.0626953125
total_time,wasm3--compile,moments.wasm,506507.0376953125
total_time,wasm3--compile,lists1.wasm,1082346.8732421875
total_time,wasm3--compile,ary2.wasm,379618.3740234375
total_time,wasm3--compile,matrix.wasm,29244827.850585938
total_time,wasm3--compile,except.wasm,258510.125390625
total_time,wasm3--compile,random.wasm,4083216.717578125
total_time,wasm3--compile,nestedloop.wasm,260461.5029296875
total_time,wasm3--compile,ary.wasm,430568.0240234375
total_time,wasm3--compile,strcat.wasm,1813107.055078125
total_time,wasm3--compile,hash.wasm,3640398.908984375
total_time,wasm3--compile,lists.wasm,17375541.206835937
total_time,wasm3--compile,objinst.wasm,261003.793359375
total_time,wasm3--compile,ackermann.wasm,272810.6517578125
total_time,wasm3--compile,heapsort.wasm,7093578.237109375
total_time,wasm3--compile,ary3.wasm,21166034.005078126
total_time,wasm3--compile,sieve.wasm,3296421.5919921873
total_time,wasm3--compile,hash2.wasm,10669936.849804688
total_time,wasm3--compile,fibo.wasm,17825299.780078124
