total_time,iwasm--fast-jit,methcall.wasm,13334728.295117188
total_time,iwasm--fast-jit,hello.wasm,316147.894140625
total_time,iwasm--fast-jit,moments.wasm,146923.1990234375
total_time,iwasm--fast-jit,lists1.wasm,329049.6158203125
total_time,iwasm--fast-jit,ary2.wasm,326666.987109375
total_time,iwasm--fast-jit,matrix.wasm,4409839.597851562
total_time,iwasm--fast-jit,except.wasm,38380.909375
total_time,iwasm--fast-jit,random.wasm,3869679.8599609374
total_time,iwasm--fast-jit,nestedloop.wasm,316500.49921875
total_time,iwasm--fast-jit,ary.wasm,325094.8984375
total_time,iwasm--fast-jit,strcat.wasm,490604.833203125
total_time,iwasm--fast-jit,hash.wasm,741500.82734375
total_time,iwasm--fast-jit,lists.wasm,3846414.52421875
total_time,iwasm--fast-jit,objinst.wasm,317012.3466796875
total_time,iwasm--fast-jit,ackermann.wasm,318564.315625
total_time,iwasm--fast-jit,heapsort.wasm,2605347.1560546877
total_time,iwasm--fast-jit,ary3.wasm,3417665.7568359375
total_time,iwasm--fast-jit,sieve.wasm,1552675.7490234375
total_time,iwasm--fast-jit,hash2.wasm,2677679.0361328125
total_time,iwasm--fast-jit,fibo.wasm,3913008.76484375
