total_time,iwasm--llvm-jit,methcall.wasm,7070215.501171875
total_time,iwasm--llvm-jit,hello.wasm,1276202.9392578125
total_time,iwasm--llvm-jit,moments.wasm,353055.42421875
total_time,iwasm--llvm-jit,lists1.wasm,1567284.5884765624
total_time,iwasm--llvm-jit,ary2.wasm,1497917.7455078126
total_time,iwasm--llvm-jit,matrix.wasm,3325940.6265625
total_time,iwasm--llvm-jit,except.wasm,123925.09296875
total_time,iwasm--llvm-jit,random.wasm,2767252.8861328126
total_time,iwasm--llvm-jit,nestedloop.wasm,1547796.5970703126
total_time,iwasm--llvm-jit,ary.wasm,1482496.118359375
total_time,iwasm--llvm-jit,strcat.wasm,1604374.1791015626
total_time,iwasm--llvm-jit,hash.wasm,1797281.839453125
total_time,iwasm--llvm-jit,lists.wasm,3166420.11015625
total_time,iwasm--llvm-jit,objinst.wasm,1352286.3009765625
total_time,iwasm--llvm-jit,ackermann.wasm,2264382.9310546876
total_time,iwasm--llvm-jit,heapsort.wasm,1796818.901953125
total_time,iwasm--llvm-jit,ary3.wasm,2612542.3888671873
total_time,iwasm--llvm-jit,sieve.wasm,2176287.980859375
total_time,iwasm--llvm-jit,hash2.wasm,2597515.675390625
total_time,iwasm--llvm-jit,fibo.wasm,2727623.4423828125
