total_time,iwasm_aot,methcall.wasm,5823888.3017578125
total_time,iwasm_aot,hello.wasm,9880.840625
total_time,iwasm_aot,moments.wasm,78984.2142578125
total_time,iwasm_aot,lists1.wasm,91829.268359375
total_time,iwasm_aot,ary2.wasm,26764.04140625
total_time,iwasm_aot,matrix.wasm,1902202.38671875
total_time,iwasm_aot,except.wasm,9075.3830078125
total_time,iwasm_aot,random.wasm,1556722.2037109374
total_time,iwasm_aot,nestedloop.wasm,10066.8740234375
total_time,iwasm_aot,ary.wasm,27884.8740234375
total_time,iwasm_aot,strcat.wasm,91043.352734375
total_time,iwasm_aot,hash.wasm,385586.6927734375
total_time,iwasm_aot,lists.wasm,1629610.279296875
total_time,iwasm_aot,objinst.wasm,9944.1888671875
total_time,iwasm_aot,ackermann.wasm,913623.165625
total_time,iwasm_aot,heapsort.wasm,1663919.6142578125
total_time,iwasm_aot,ary3.wasm,1363462.3783203126
total_time,iwasm_aot,sieve.wasm,834212.9263671875
total_time,iwasm_aot,hash2.wasm,1150736.874609375
total_time,iwasm_aot,fibo.wasm,1174352.7564453124
