code_execution_time,iwasm--multi-tier-jit,loop_unroll.wasm,1258911.4262695312
code_execution_time,iwasm--multi-tier-jit,simple_types_loop_invariant.wasm,2962937.25078125
code_execution_time,iwasm--multi-tier-jit,stepanov_vector.wasm,4544228.849414063
code_execution_time,iwasm--multi-tier-jit,functionobjects.wasm,4413199.110449219
code_execution_time,iwasm--multi-tier-jit,simple_types_constant_folding.wasm,1340318.6642578125
code_execution_time,iwasm--multi-tier-jit,stepanov_abstraction.wasm,8471798.847265625
