code_loaded_time,iwasm--multi-tier-jit,lu.wasm,6942.151171875
code_loaded_time,iwasm--multi-tier-jit,gramschmidt.wasm,7006.80869140625
code_loaded_time,iwasm--multi-tier-jit,floyd-warshall.wasm,7006.57265625
code_loaded_time,iwasm--multi-tier-jit,bicg.wasm,8695.430859375
code_loaded_time,iwasm--multi-tier-jit,adi.wasm,6897.63251953125
code_loaded_time,iwasm--multi-tier-jit,2mm.wasm,6878.79052734375
code_loaded_time,iwasm--multi-tier-jit,fdtd-2d.wasm,6933.44755859375
code_loaded_time,iwasm--multi-tier-jit,syr2k.wasm,7000.789453125
code_loaded_time,iwasm--multi-tier-jit,gesummv.wasm,6961.1634765625
code_loaded_time,iwasm--multi-tier-jit,atax.wasm,7077.70703125
code_loaded_time,iwasm--multi-tier-jit,jacobi-2d-imper.wasm,7075.69814453125
code_loaded_time,iwasm--multi-tier-jit,ludcmp.wasm,7072.31630859375
code_loaded_time,iwasm--multi-tier-jit,durbin.wasm,8642.35927734375
code_loaded_time,iwasm--multi-tier-jit,gemver.wasm,7084.52919921875
code_loaded_time,iwasm--multi-tier-jit,syrk.wasm,6975.9421875
code_loaded_time,iwasm--multi-tier-jit,jacobi-1d-imper.wasm,7048.57431640625
code_loaded_time,iwasm--multi-tier-jit,covariance.wasm,6908.66962890625
code_loaded_time,iwasm--multi-tier-jit,trmm.wasm,6908.19248046875
code_loaded_time,iwasm--multi-tier-jit,trisolv.wasm,6952.81123046875
code_loaded_time,iwasm--multi-tier-jit,3mm.wasm,7036.508984375
code_loaded_time,iwasm--multi-tier-jit,doitgen.wasm,7051.6091796875
code_loaded_time,iwasm--multi-tier-jit,correlation.wasm,6889.592578125
code_loaded_time,iwasm--multi-tier-jit,seidel-2d.wasm,7113.901953125
code_loaded_time,iwasm--multi-tier-jit,mvt.wasm,7044.87763671875
code_loaded_time,iwasm--multi-tier-jit,cholesky.wasm,7039.25234375
code_loaded_time,iwasm--multi-tier-jit,symm.wasm,7013.49765625
code_loaded_time,iwasm--multi-tier-jit,gemm.wasm,6933.368359375
code_loaded_time,iwasm--multi-tier-jit,reg_detect.wasm,7097.356640625
code_loaded_time,iwasm--multi-tier-jit,fdtd-apml.wasm,7006.8365234375
code_loaded_time,iwasm--multi-tier-jit,dynprog.wasm,6935.3537109375
