code_loaded_time,iwasm_aot,lu.wasm,7196.37451171875
code_loaded_time,iwasm_aot,gramschmidt.wasm,7130.6962890625
code_loaded_time,iwasm_aot,floyd-warshall.wasm,7287.11943359375
code_loaded_time,iwasm_aot,bicg.wasm,7136.52998046875
code_loaded_time,iwasm_aot,adi.wasm,7277.85302734375
code_loaded_time,iwasm_aot,2mm.wasm,7308.51005859375
code_loaded_time,iwasm_aot,fdtd-2d.wasm,7296.2833984375
code_loaded_time,iwasm_aot,syr2k.wasm,7204.93759765625
code_loaded_time,iwasm_aot,gesummv.wasm,7251.61591796875
code_loaded_time,iwasm_aot,atax.wasm,7120.25947265625
code_loaded_time,iwasm_aot,jacobi-2d-imper.wasm,7307.519921875
code_loaded_time,iwasm_aot,ludcmp.wasm,7154.50263671875
code_loaded_time,iwasm_aot,durbin.wasm,7284.80439453125
code_loaded_time,iwasm_aot,gemver.wasm,7246.24755859375
code_loaded_time,iwasm_aot,syrk.wasm,7271.57978515625
code_loaded_time,iwasm_aot,jacobi-1d-imper.wasm,7166.46005859375
code_loaded_time,iwasm_aot,covariance.wasm,7211.97119140625
code_loaded_time,iwasm_aot,trmm.wasm,7160.4611328125
code_loaded_time,iwasm_aot,trisolv.wasm,7267.74970703125
code_loaded_time,iwasm_aot,3mm.wasm,7111.90849609375
code_loaded_time,iwasm_aot,doitgen.wasm,7137.88935546875
code_loaded_time,iwasm_aot,correlation.wasm,7192.565625
code_loaded_time,iwasm_aot,seidel-2d.wasm,7177.44912109375
code_loaded_time,iwasm_aot,mvt.wasm,7315.67412109375
code_loaded_time,iwasm_aot,cholesky.wasm,7333.6091796875
code_loaded_time,iwasm_aot,symm.wasm,7257.115234375
code_loaded_time,iwasm_aot,gemm.wasm,7158.800390625
code_loaded_time,iwasm_aot,reg_detect.wasm,7192.8884765625
code_loaded_time,iwasm_aot,fdtd-apml.wasm,7259.3154296875
code_loaded_time,iwasm_aot,dynprog.wasm,7081.3958984375
