code_loaded_time,iwasm,lu.wasm,8124.441796875
code_loaded_time,iwasm,gramschmidt.wasm,8174.4875
code_loaded_time,iwasm,floyd-warshall.wasm,8018.3044921875
code_loaded_time,iwasm,bicg.wasm,8051.74248046875
code_loaded_time,iwasm,adi.wasm,8015.0646484375
code_loaded_time,iwasm,2mm.wasm,8096.1962890625
code_loaded_time,iwasm,fdtd-2d.wasm,8170.89375
code_loaded_time,iwasm,syr2k.wasm,8098.648046875
code_loaded_time,iwasm,gesummv.wasm,8244.6220703125
code_loaded_time,iwasm,atax.wasm,8062.89375
code_loaded_time,iwasm,jacobi-2d-imper.wasm,8126.65751953125
code_loaded_time,iwasm,ludcmp.wasm,8151.13642578125
code_loaded_time,iwasm,durbin.wasm,8071.41328125
code_loaded_time,iwasm,gemver.wasm,8140.15400390625
code_loaded_time,iwasm,syrk.wasm,8131.40126953125
code_loaded_time,iwasm,jacobi-1d-imper.wasm,8109.89775390625
code_loaded_time,iwasm,covariance.wasm,8172.18896484375
code_loaded_time,iwasm,trmm.wasm,8008.7634765625
code_loaded_time,iwasm,trisolv.wasm,8023.910546875
code_loaded_time,iwasm,3mm.wasm,8101.05615234375
code_loaded_time,iwasm,doitgen.wasm,8040.44091796875
code_loaded_time,iwasm,correlation.wasm,8067.24013671875
code_loaded_time,iwasm,seidel-2d.wasm,8038.6533203125
code_loaded_time,iwasm,mvt.wasm,8003.1162109375
code_loaded_time,iwasm,cholesky.wasm,8172.427734375
code_loaded_time,iwasm,symm.wasm,8134.926953125
code_loaded_time,iwasm,gemm.wasm,8058.149609375
code_loaded_time,iwasm,reg_detect.wasm,8332.768359375
code_loaded_time,iwasm,fdtd-apml.wasm,8274.23984375
code_loaded_time,iwasm,dynprog.wasm,8080.6669921875
