code_loaded_time,wasm3,lu.wasm,230123.70654296875
code_loaded_time,wasm3,gramschmidt.wasm,232441.688671875
code_loaded_time,wasm3,floyd-warshall.wasm,230022.017578125
code_loaded_time,wasm3,bicg.wasm,230258.10517578124
code_loaded_time,wasm3,adi.wasm,229836.34150390624
code_loaded_time,wasm3,2mm.wasm,229834.9568359375
code_loaded_time,wasm3,fdtd-2d.wasm,229762.984765625
code_loaded_time,wasm3,syr2k.wasm,229643.67021484376
code_loaded_time,wasm3,gesummv.wasm,230325.882421875
code_loaded_time,wasm3,atax.wasm,230614.09248046874
code_loaded_time,wasm3,jacobi-2d-imper.wasm,230278.97685546876
code_loaded_time,wasm3,ludcmp.wasm,231004.7861328125
code_loaded_time,wasm3,durbin.wasm,229765.6435546875
code_loaded_time,wasm3,gemver.wasm,230078.215234375
code_loaded_time,wasm3,syrk.wasm,230365.77197265625
code_loaded_time,wasm3,jacobi-1d-imper.wasm,229465.01376953124
code_loaded_time,wasm3,covariance.wasm,230028.753125
code_loaded_time,wasm3,trmm.wasm,230248.17158203124
code_loaded_time,wasm3,trisolv.wasm,229413.13740234374
code_loaded_time,wasm3,3mm.wasm,229223.14306640625
code_loaded_time,wasm3,doitgen.wasm,230141.28203125
code_loaded_time,wasm3,correlation.wasm,229769.1029296875
code_loaded_time,wasm3,seidel-2d.wasm,229358.73662109376
code_loaded_time,wasm3,mvt.wasm,229880.7314453125
code_loaded_time,wasm3,cholesky.wasm,231916.7810546875
code_loaded_time,wasm3,symm.wasm,229182.16875
code_loaded_time,wasm3,gemm.wasm,230710.53515625
code_loaded_time,wasm3,reg_detect.wasm,229343.4560546875
code_loaded_time,wasm3,fdtd-apml.wasm,229871.4662109375
code_loaded_time,wasm3,dynprog.wasm,229209.630859375
