code_loaded_time,iwasm--llvm-jit,lu.wasm,86797.7265625
code_loaded_time,iwasm--llvm-jit,gramschmidt.wasm,94429.1076171875
code_loaded_time,iwasm--llvm-jit,floyd-warshall.wasm,85626.741796875
code_loaded_time,iwasm--llvm-jit,bicg.wasm,86409.36220703126
code_loaded_time,iwasm--llvm-jit,adi.wasm,89980.37734375
code_loaded_time,iwasm--llvm-jit,2mm.wasm,90386.44921875
code_loaded_time,iwasm--llvm-jit,fdtd-2d.wasm,91642.06337890626
code_loaded_time,iwasm--llvm-jit,syr2k.wasm,87120.70654296875
code_loaded_time,iwasm--llvm-jit,gesummv.wasm,84444.120703125
code_loaded_time,iwasm--llvm-jit,atax.wasm,85428.82373046875
code_loaded_time,iwasm--llvm-jit,jacobi-2d-imper.wasm,87779.6982421875
code_loaded_time,iwasm--llvm-jit,ludcmp.wasm,91382.841796875
code_loaded_time,iwasm--llvm-jit,durbin.wasm,93615.5501953125
code_loaded_time,iwasm--llvm-jit,gemver.wasm,89618.390234375
code_loaded_time,iwasm--llvm-jit,syrk.wasm,86209.3640625
code_loaded_time,iwasm--llvm-jit,jacobi-1d-imper.wasm,83058.62265625
code_loaded_time,iwasm--llvm-jit,covariance.wasm,89390.1861328125
code_loaded_time,iwasm--llvm-jit,trmm.wasm,85283.09443359375
code_loaded_time,iwasm--llvm-jit,trisolv.wasm,84343.1005859375
code_loaded_time,iwasm--llvm-jit,3mm.wasm,92695.99228515624
code_loaded_time,iwasm--llvm-jit,doitgen.wasm,89126.7779296875
code_loaded_time,iwasm--llvm-jit,correlation.wasm,87000.59794921875
code_loaded_time,iwasm--llvm-jit,seidel-2d.wasm,85543.2607421875
code_loaded_time,iwasm--llvm-jit,mvt.wasm,86757.91748046875
code_loaded_time,iwasm--llvm-jit,cholesky.wasm,90713.37890625
code_loaded_time,iwasm--llvm-jit,symm.wasm,86672.2171875
code_loaded_time,iwasm--llvm-jit,gemm.wasm,86349.29921875
code_loaded_time,iwasm--llvm-jit,reg_detect.wasm,141031.205859375
code_loaded_time,iwasm--llvm-jit,fdtd-apml.wasm,105325.990625
code_loaded_time,iwasm--llvm-jit,dynprog.wasm,89299.68359375
