code_loaded_time,wasm3--compile,lu.wasm,229850.06171875
code_loaded_time,wasm3--compile,gramschmidt.wasm,230633.87734375
code_loaded_time,wasm3--compile,floyd-warshall.wasm,231011.59365234376
code_loaded_time,wasm3--compile,bicg.wasm,231213.02392578125
code_loaded_time,wasm3--compile,adi.wasm,230030.62470703124
code_loaded_time,wasm3--compile,2mm.wasm,230931.74697265626
code_loaded_time,wasm3--compile,fdtd-2d.wasm,232071.17421875
code_loaded_time,wasm3--compile,syr2k.wasm,230545.59990234376
code_loaded_time,wasm3--compile,gesummv.wasm,231516.3111328125
code_loaded_time,wasm3--compile,atax.wasm,231721.18193359376
code_loaded_time,wasm3--compile,jacobi-2d-imper.wasm,231266.0103515625
code_loaded_time,wasm3--compile,ludcmp.wasm,231257.671484375
code_loaded_time,wasm3--compile,durbin.wasm,230513.63427734375
code_loaded_time,wasm3--compile,gemver.wasm,233377.3626953125
code_loaded_time,wasm3--compile,syrk.wasm,231068.14716796874
code_loaded_time,wasm3--compile,jacobi-1d-imper.wasm,230507.04560546874
code_loaded_time,wasm3--compile,covariance.wasm,230000.9576171875
code_loaded_time,wasm3--compile,trmm.wasm,229967.1505859375
code_loaded_time,wasm3--compile,trisolv.wasm,229799.847265625
code_loaded_time,wasm3--compile,3mm.wasm,231010.1640625
code_loaded_time,wasm3--compile,doitgen.wasm,230587.50546875
code_loaded_time,wasm3--compile,correlation.wasm,229980.4654296875
code_loaded_time,wasm3--compile,seidel-2d.wasm,231191.85341796876
code_loaded_time,wasm3--compile,mvt.wasm,230272.3240234375
code_loaded_time,wasm3--compile,cholesky.wasm,230248.9224609375
code_loaded_time,wasm3--compile,symm.wasm,230445.4736328125
code_loaded_time,wasm3--compile,gemm.wasm,229969.5521484375
code_loaded_time,wasm3--compile,reg_detect.wasm,230948.689453125
code_loaded_time,wasm3--compile,fdtd-apml.wasm,229848.565234375
code_loaded_time,wasm3--compile,dynprog.wasm,230759.292578125
