code_loaded_time,iwasm--fast-jit,lu.wasm,6964.95087890625
code_loaded_time,iwasm--fast-jit,gramschmidt.wasm,7020.57265625
code_loaded_time,iwasm--fast-jit,floyd-warshall.wasm,7039.374609375
code_loaded_time,iwasm--fast-jit,bicg.wasm,6946.80517578125
code_loaded_time,iwasm--fast-jit,adi.wasm,6917.043359375
code_loaded_time,iwasm--fast-jit,2mm.wasm,7054.58193359375
code_loaded_time,iwasm--fast-jit,fdtd-2d.wasm,7082.07373046875
code_loaded_time,iwasm--fast-jit,syr2k.wasm,7036.96015625
code_loaded_time,iwasm--fast-jit,gesummv.wasm,6992.51689453125
code_loaded_time,iwasm--fast-jit,atax.wasm,6873.79541015625
code_loaded_time,iwasm--fast-jit,jacobi-2d-imper.wasm,6943.05224609375
code_loaded_time,iwasm--fast-jit,ludcmp.wasm,7017.88759765625
code_loaded_time,iwasm--fast-jit,durbin.wasm,7047.6166015625
code_loaded_time,iwasm--fast-jit,gemver.wasm,7126.77431640625
code_loaded_time,iwasm--fast-jit,syrk.wasm,6966.51416015625
code_loaded_time,iwasm--fast-jit,jacobi-1d-imper.wasm,6951.9076171875
code_loaded_time,iwasm--fast-jit,covariance.wasm,6853.97041015625
code_loaded_time,iwasm--fast-jit,trmm.wasm,6965.045703125
code_loaded_time,iwasm--fast-jit,trisolv.wasm,6883.7896484375
code_loaded_time,iwasm--fast-jit,3mm.wasm,7009.3923828125
code_loaded_time,iwasm--fast-jit,doitgen.wasm,7001.92763671875
code_loaded_time,iwasm--fast-jit,correlation.wasm,7138.13701171875
code_loaded_time,iwasm--fast-jit,seidel-2d.wasm,6994.0578125
code_loaded_time,iwasm--fast-jit,mvt.wasm,6947.26015625
code_loaded_time,iwasm--fast-jit,cholesky.wasm,6915.5251953125
code_loaded_time,iwasm--fast-jit,symm.wasm,6987.39453125
code_loaded_time,iwasm--fast-jit,gemm.wasm,7112.735546875
code_loaded_time,iwasm--fast-jit,reg_detect.wasm,7081.7064453125
code_loaded_time,iwasm--fast-jit,fdtd-apml.wasm,7157.8068359375
code_loaded_time,iwasm--fast-jit,dynprog.wasm,7016.0453125
