code_loaded_time,wasmedge_aot,lu.wasm,813.33525390625
code_loaded_time,wasmedge_aot,gramschmidt.wasm,822.3458984375
code_loaded_time,wasmedge_aot,floyd-warshall.wasm,814.2255859375
code_loaded_time,wasmedge_aot,bicg.wasm,815.5986328125
code_loaded_time,wasmedge_aot,adi.wasm,821.21044921875
code_loaded_time,wasmedge_aot,2mm.wasm,808.486328125
code_loaded_time,wasmedge_aot,fdtd-2d.wasm,846.30791015625
code_loaded_time,wasmedge_aot,syr2k.wasm,816.65693359375
code_loaded_time,wasmedge_aot,gesummv.wasm,820.71181640625
code_loaded_time,wasmedge_aot,atax.wasm,824.406640625
code_loaded_time,wasmedge_aot,jacobi-2d-imper.wasm,834.9919921875
code_loaded_time,wasmedge_aot,ludcmp.wasm,819.402734375
code_loaded_time,wasmedge_aot,durbin.wasm,827.088671875
code_loaded_time,wasmedge_aot,gemver.wasm,829.95419921875
code_loaded_time,wasmedge_aot,syrk.wasm,825.512890625
code_loaded_time,wasmedge_aot,jacobi-1d-imper.wasm,816.7833984375
code_loaded_time,wasmedge_aot,covariance.wasm,823.46474609375
code_loaded_time,wasmedge_aot,trmm.wasm,815.60029296875
code_loaded_time,wasmedge_aot,trisolv.wasm,830.0798828125
code_loaded_time,wasmedge_aot,3mm.wasm,825.24052734375
code_loaded_time,wasmedge_aot,doitgen.wasm,825.55390625
code_loaded_time,wasmedge_aot,correlation.wasm,821.494140625
code_loaded_time,wasmedge_aot,seidel-2d.wasm,827.0658203125
code_loaded_time,wasmedge_aot,mvt.wasm,825.9759765625
code_loaded_time,wasmedge_aot,cholesky.wasm,830.26220703125
code_loaded_time,wasmedge_aot,symm.wasm,836.0833984375
code_loaded_time,wasmedge_aot,gemm.wasm,828.9439453125
code_loaded_time,wasmedge_aot,reg_detect.wasm,855.2990234375
code_loaded_time,wasmedge_aot,fdtd-apml.wasm,840.994140625
code_loaded_time,wasmedge_aot,dynprog.wasm,819.880859375
