code_loaded_time,wasmer,lu.wasm,14099.07333984375
code_loaded_time,wasmer,gramschmidt.wasm,12526.8654296875
code_loaded_time,wasmer,floyd-warshall.wasm,12235.4443359375
code_loaded_time,wasmer,bicg.wasm,12652.08046875
code_loaded_time,wasmer,adi.wasm,14308.9791015625
code_loaded_time,wasmer,2mm.wasm,11802.28447265625
code_loaded_time,wasmer,fdtd-2d.wasm,12295.33115234375
code_loaded_time,wasmer,syr2k.wasm,12383.535546875
code_loaded_time,wasmer,gesummv.wasm,11728.8447265625
code_loaded_time,wasmer,atax.wasm,12891.253125
code_loaded_time,wasmer,jacobi-2d-imper.wasm,12194.53134765625
code_loaded_time,wasmer,ludcmp.wasm,12331.33662109375
code_loaded_time,wasmer,durbin.wasm,12484.52060546875
code_loaded_time,wasmer,gemver.wasm,12690.14208984375
code_loaded_time,wasmer,syrk.wasm,13545.797265625
code_loaded_time,wasmer,jacobi-1d-imper.wasm,12293.31083984375
code_loaded_time,wasmer,covariance.wasm,12549.2705078125
code_loaded_time,wasmer,trmm.wasm,12517.2396484375
code_loaded_time,wasmer,trisolv.wasm,11950.5904296875
code_loaded_time,wasmer,3mm.wasm,13908.561328125
code_loaded_time,wasmer,doitgen.wasm,12758.87197265625
code_loaded_time,wasmer,correlation.wasm,13234.3509765625
code_loaded_time,wasmer,seidel-2d.wasm,12622.97568359375
code_loaded_time,wasmer,mvt.wasm,12136.44521484375
code_loaded_time,wasmer,cholesky.wasm,12807.426171875
code_loaded_time,wasmer,symm.wasm,12039.85166015625
code_loaded_time,wasmer,gemm.wasm,12096.9720703125
code_loaded_time,wasmer,reg_detect.wasm,18260.1248046875
code_loaded_time,wasmer,fdtd-apml.wasm,13077.26484375
code_loaded_time,wasmer,dynprog.wasm,12402.2900390625
