code_loaded_time,wasmtime,lu.wasm,12433.12265625
code_loaded_time,wasmtime,gramschmidt.wasm,11675.0677734375
code_loaded_time,wasmtime,floyd-warshall.wasm,10839.381640625
code_loaded_time,wasmtime,bicg.wasm,11155.3015625
code_loaded_time,wasmtime,adi.wasm,11260.07646484375
code_loaded_time,wasmtime,2mm.wasm,11205.3484375
code_loaded_time,wasmtime,fdtd-2d.wasm,11324.40771484375
code_loaded_time,wasmtime,syr2k.wasm,10826.15556640625
code_loaded_time,wasmtime,gesummv.wasm,11182.4462890625
code_loaded_time,wasmtime,atax.wasm,10892.74560546875
code_loaded_time,wasmtime,jacobi-2d-imper.wasm,11231.8828125
code_loaded_time,wasmtime,ludcmp.wasm,11267.69921875
code_loaded_time,wasmtime,durbin.wasm,11252.50322265625
code_loaded_time,wasmtime,gemver.wasm,11274.6703125
code_loaded_time,wasmtime,syrk.wasm,11003.59912109375
code_loaded_time,wasmtime,jacobi-1d-imper.wasm,10832.5904296875
code_loaded_time,wasmtime,covariance.wasm,11149.7583984375
code_loaded_time,wasmtime,trmm.wasm,11015.5142578125
code_loaded_time,wasmtime,trisolv.wasm,11127.9892578125
code_loaded_time,wasmtime,3mm.wasm,11078.01904296875
code_loaded_time,wasmtime,doitgen.wasm,11182.08681640625
code_loaded_time,wasmtime,correlation.wasm,10955.92119140625
code_loaded_time,wasmtime,seidel-2d.wasm,11267.4533203125
code_loaded_time,wasmtime,mvt.wasm,11207.29130859375
code_loaded_time,wasmtime,cholesky.wasm,10958.94697265625
code_loaded_time,wasmtime,symm.wasm,11032.44296875
code_loaded_time,wasmtime,gemm.wasm,10968.253515625
code_loaded_time,wasmtime,reg_detect.wasm,15569.128125
code_loaded_time,wasmtime,fdtd-apml.wasm,12421.10859375
code_loaded_time,wasmtime,dynprog.wasm,11324.30859375
