code_execution_time,iwasm--fast-jit,puzzle.wasm,524904.6590820312
code_execution_time,iwasm--fast-jit,n-body.wasm,1189717.108203125
code_execution_time,iwasm--fast-jit,nsieve-bits.wasm,956245.4504882812
code_execution_time,iwasm--fast-jit,fasta.wasm,2642484.9149414063
code_execution_time,iwasm--fast-jit,partialsums.wasm,994305.9212890625
code_execution_time,iwasm--fast-jit,recursive.wasm,35430.7234375
code_execution_time,iwasm--fast-jit,fannkuch.wasm,3690964.585839844
code_execution_time,iwasm--fast-jit,spectral-norm.wasm,1419778.1639648438
