code_execution_time,iwasm_aot,puzzle.wasm,98486.2623046875
code_execution_time,iwasm_aot,n-body.wasm,434251.6947265625
code_execution_time,iwasm_aot,nsieve-bits.wasm,423188.5072265625
code_execution_time,iwasm_aot,fasta.wasm,2171587.56328125
code_execution_time,iwasm_aot,partialsums.wasm,324101.9583984375
code_execution_time,iwasm_aot,recursive.wasm,619261.03203125
code_execution_time,iwasm_aot,fannkuch.wasm,2851695.1606445312
code_execution_time,iwasm_aot,spectral-norm.wasm,189318.17080078126
