code_execution_time,wasmedge_aot,puzzle.wasm,218767.81171875
code_execution_time,wasmedge_aot,n-body.wasm,466021.5614257812
code_execution_time,wasmedge_aot,nsieve-bits.wasm,484188.14814453124
code_execution_time,wasmedge_aot,fasta.wasm,2533797.489453125
code_execution_time,wasmedge_aot,partialsums.wasm,367385.92578125
code_execution_time,wasmedge_aot,recursive.wasm,584578.1249023437
code_execution_time,wasmedge_aot,fannkuch.wasm,2164977.0541015626
code_execution_time,wasmedge_aot,spectral-norm.wasm,188765.94365234376
