code_execution_time,iwasm--multi-tier-jit,puzzle.wasm,521177.06474609376
code_execution_time,iwasm--multi-tier-jit,n-body.wasm,1116592.7626953125
code_execution_time,iwasm--multi-tier-jit,nsieve-bits.wasm,951780.5397460938
code_execution_time,iwasm--multi-tier-jit,fasta.wasm,2602060.033105469
code_execution_time,iwasm--multi-tier-jit,partialsums.wasm,582639.7264648437
code_execution_time,iwasm--multi-tier-jit,recursive.wasm,36087.269921875
code_execution_time,iwasm--multi-tier-jit,fannkuch.wasm,3673373.6626953124
code_execution_time,iwasm--multi-tier-jit,spectral-norm.wasm,306848.5203125
