code_execution_time,wasm3--compile,puzzle.wasm,3512407.5690429686
code_execution_time,wasm3--compile,n-body.wasm,3883169.2486328124
code_execution_time,wasm3--compile,nsieve-bits.wasm,3455692.623144531
code_execution_time,wasm3--compile,fasta.wasm,4301760.032519531
code_execution_time,wasm3--compile,partialsums.wasm,4229970.223828125
code_execution_time,wasm3--compile,recursive.wasm,40318.15234375
code_execution_time,wasm3--compile,fannkuch.wasm,14556569.886523437
code_execution_time,wasm3--compile,spectral-norm.wasm,2402685.6684570312
