code_execution_time,iwasm--llvm-jit,puzzle.wasm,312785.4325195312
code_execution_time,iwasm--llvm-jit,n-body.wasm,561309.3905273437
code_execution_time,iwasm--llvm-jit,nsieve-bits.wasm,541749.7838867188
code_execution_time,iwasm--llvm-jit,fasta.wasm,2253093.5517578125
code_execution_time,iwasm--llvm-jit,partialsums.wasm,433399.22294921876
code_execution_time,iwasm--llvm-jit,recursive.wasm,733732.7026367188
code_execution_time,iwasm--llvm-jit,fannkuch.wasm,2933832.3215820314
code_execution_time,iwasm--llvm-jit,spectral-norm.wasm,268006.49482421874
