code_execution_time,wasmedge_aot,methcall.wasm,53960942.923828125
code_execution_time,wasmedge_aot,hello.wasm,1758.7267578125
code_execution_time,wasmedge_aot,matrix.wasm,1490538.01328125
code_execution_time,wasmedge_aot,fib2.wasm,1174983.032421875
code_execution_time,wasmedge_aot,random.wasm,1305676.937109375
code_execution_time,wasmedge_aot,nestedloop.wasm,1777.5845703125
code_execution_time,wasmedge_aot,strcat.wasm,119829.8111328125
code_execution_time,wasmedge_aot,hash.wasm,2187007.948828125
code_execution_time,wasmedge_aot,lists.wasm,4118071.0986328125
code_execution_time,wasmedge_aot,objinst.wasm,1768.985546875
code_execution_time,wasmedge_aot,ackermann.wasm,4916.433984375
code_execution_time,wasmedge_aot,heapsort.wasm,1818858.5556640625
code_execution_time,wasmedge_aot,ary3.wasm,1312127.3419921875
code_execution_time,wasmedge_aot,sieve.wasm,3599188.82109375
