code_execution_time,iwasm_aot,methcall.wasm,4410531.884570313
code_execution_time,iwasm_aot,hello.wasm,810.8900390625
code_execution_time,iwasm_aot,matrix.wasm,1390828.449609375
code_execution_time,iwasm_aot,fib2.wasm,1164678.574609375
code_execution_time,iwasm_aot,random.wasm,1304248.1162109375
code_execution_time,iwasm_aot,nestedloop.wasm,963.93515625
code_execution_time,iwasm_aot,strcat.wasm,102862.64921875
code_execution_time,iwasm_aot,hash.wasm,2039616.0341796875
code_execution_time,iwasm_aot,lists.wasm,4239662.13671875
code_execution_time,iwasm_aot,objinst.wasm,800.4771484375
code_execution_time,iwasm_aot,ackermann.wasm,3635.457421875
code_execution_time,iwasm_aot,heapsort.wasm,1636667.698828125
code_execution_time,iwasm_aot,ary3.wasm,1270212.8193359375
code_execution_time,iwasm_aot,sieve.wasm,4002340.2673828127
