code_execution_time,wasmtime,methcall.wasm,6196543.29140625
code_execution_time,wasmtime,hello.wasm,897.982421875
code_execution_time,wasmtime,matrix.wasm,1857118.7712890625
code_execution_time,wasmtime,fib2.wasm,2037261.424609375
code_execution_time,wasmtime,random.wasm,3286086.3724609376
code_execution_time,wasmtime,nestedloop.wasm,1011.5298828125
code_execution_time,wasmtime,strcat.wasm,144208.64296875
code_execution_time,wasmtime,hash.wasm,2591793.4447265626
code_execution_time,wasmtime,lists.wasm,4432892.023242188
code_execution_time,wasmtime,objinst.wasm,1120.86484375
code_execution_time,wasmtime,ackermann.wasm,5984.6818359375
code_execution_time,wasmtime,heapsort.wasm,2184558.4517578124
code_execution_time,wasmtime,ary3.wasm,1095546.9021484375
code_execution_time,wasmtime,sieve.wasm,5042276.7099609375
