code_execution_time,iwasm--fast-jit,methcall.wasm,11859076.563085938
code_execution_time,iwasm--fast-jit,hello.wasm,13074.803515625
code_execution_time,iwasm--fast-jit,matrix.wasm,2236975.958203125
code_execution_time,iwasm--fast-jit,fib2.wasm,3812674.7580078123
code_execution_time,iwasm--fast-jit,random.wasm,3721505.9734375
code_execution_time,iwasm--fast-jit,nestedloop.wasm,21411.15234375
code_execution_time,iwasm--fast-jit,strcat.wasm,192447.9974609375
code_execution_time,iwasm--fast-jit,hash.wasm,4112290.7564453124
code_execution_time,iwasm--fast-jit,lists.wasm,6530299.1396484375
code_execution_time,iwasm--fast-jit,objinst.wasm,27309.640234375
code_execution_time,iwasm--fast-jit,ackermann.wasm,21567.896484375
code_execution_time,iwasm--fast-jit,heapsort.wasm,2617002.6666015624
code_execution_time,iwasm--fast-jit,ary3.wasm,1864056.7822265625
code_execution_time,iwasm--fast-jit,sieve.wasm,8700485.886328125
