code_execution_time,iwasm,methcall.wasm,54948866.84804688
code_execution_time,iwasm,hello.wasm,791.5705078125
code_execution_time,iwasm,matrix.wasm,21028001.992578126
code_execution_time,iwasm,fib2.wasm,20304603.539648436
code_execution_time,iwasm,random.wasm,4237747.761523438
code_execution_time,iwasm,nestedloop.wasm,829.623828125
code_execution_time,iwasm,strcat.wasm,892232.708984375
code_execution_time,iwasm,hash.wasm,22647983.26816406
code_execution_time,iwasm,lists.wasm,28629592.863671876
code_execution_time,iwasm,objinst.wasm,803.187109375
code_execution_time,iwasm,ackermann.wasm,7819.3736328125
code_execution_time,iwasm,heapsort.wasm,9635869.550195312
code_execution_time,iwasm,ary3.wasm,17846796.609765626
code_execution_time,iwasm,sieve.wasm,35283867.560742185
