code_execution_time,iwasm--multi-tier-jit,methcall.wasm,10823657.440625
code_execution_time,iwasm--multi-tier-jit,hello.wasm,13416.1955078125
code_execution_time,iwasm--multi-tier-jit,matrix.wasm,2228394.651171875
code_execution_time,iwasm--multi-tier-jit,fib2.wasm,1503349.844140625
code_execution_time,iwasm--multi-tier-jit,random.wasm,3709573.9619140625
code_execution_time,iwasm--multi-tier-jit,nestedloop.wasm,21444.0333984375
code_execution_time,iwasm--multi-tier-jit,strcat.wasm,193191.587109375
code_execution_time,iwasm--multi-tier-jit,hash.wasm,2887358.1470703124
code_execution_time,iwasm--multi-tier-jit,lists.wasm,6624143.396679687
code_execution_time,iwasm--multi-tier-jit,objinst.wasm,27351.9650390625
code_execution_time,iwasm--multi-tier-jit,ackermann.wasm,21883.6869140625
code_execution_time,iwasm--multi-tier-jit,heapsort.wasm,2574547.54375
code_execution_time,iwasm--multi-tier-jit,ary3.wasm,1861576.38125
code_execution_time,iwasm--multi-tier-jit,sieve.wasm,8477826.362304688
