code_execution_time,iwasm--llvm-jit,methcall.wasm,5323216.8798828125
code_execution_time,iwasm--llvm-jit,hello.wasm,30198.285546875
code_execution_time,iwasm--llvm-jit,matrix.wasm,1531337.9298828125
code_execution_time,iwasm--llvm-jit,fib2.wasm,1530580.5111328126
code_execution_time,iwasm--llvm-jit,random.wasm,1385153.1189453125
code_execution_time,iwasm--llvm-jit,nestedloop.wasm,83976.7978515625
code_execution_time,iwasm--llvm-jit,strcat.wasm,283430.7767578125
code_execution_time,iwasm--llvm-jit,hash.wasm,2358718.2623046874
code_execution_time,iwasm--llvm-jit,lists.wasm,4354326.672265625
code_execution_time,iwasm--llvm-jit,objinst.wasm,109327.851953125
code_execution_time,iwasm--llvm-jit,ackermann.wasm,85514.811328125
code_execution_time,iwasm--llvm-jit,heapsort.wasm,1721033.6443359375
code_execution_time,iwasm--llvm-jit,ary3.wasm,1384150.562109375
code_execution_time,iwasm--llvm-jit,sieve.wasm,2970596.2353515625
