code_execution_time,wasmer,methcall.wasm,4930710.761328125
code_execution_time,wasmer,hello.wasm,1378.812890625
code_execution_time,wasmer,matrix.wasm,1543886.97578125
code_execution_time,wasmer,fib2.wasm,2037602.0443359376
code_execution_time,wasmer,random.wasm,1423279.75625
code_execution_time,wasmer,nestedloop.wasm,854.054296875
code_execution_time,wasmer,strcat.wasm,140865.8423828125
code_execution_time,wasmer,hash.wasm,2783840.1876953123
code_execution_time,wasmer,lists.wasm,4438400.602734375
code_execution_time,wasmer,objinst.wasm,1095.491796875
code_execution_time,wasmer,ackermann.wasm,4437.702734375
code_execution_time,wasmer,heapsort.wasm,2555037.3591796877
code_execution_time,wasmer,ary3.wasm,1391398.838671875
code_execution_time,wasmer,sieve.wasm,5212692.238476562
