code_execution_time,wasm3--compile,methcall.wasm,34604821.884765625
code_execution_time,wasm3--compile,hello.wasm,33064.6205078125
code_execution_time,wasm3--compile,matrix.wasm,18110103.95625
code_execution_time,wasm3--compile,fib2.wasm,18376630.7109375
code_execution_time,wasm3--compile,random.wasm,3645573.0703125
code_execution_time,wasm3--compile,nestedloop.wasm,33343.4810546875
code_execution_time,wasm3--compile,strcat.wasm,730199.3087890625
code_execution_time,wasm3--compile,hash.wasm,19508966.27871094
code_execution_time,wasm3--compile,lists.wasm,23572956.467578124
code_execution_time,wasm3--compile,objinst.wasm,30002.837109375
code_execution_time,wasm3--compile,ackermann.wasm,46181.038671875
code_execution_time,wasm3--compile,heapsort.wasm,6872028.070703125
code_execution_time,wasm3--compile,ary3.wasm,14516608.224414062
code_execution_time,wasm3--compile,sieve.wasm,25958266.97480469
