code_execution_time,wasm3,methcall.wasm,34594599.004492186
code_execution_time,wasm3,hello.wasm,33069.526171875
code_execution_time,wasm3,matrix.wasm,18102268.58378906
code_execution_time,wasm3,fib2.wasm,17703993.741015624
code_execution_time,wasm3,random.wasm,3645841.08828125
code_execution_time,wasm3,nestedloop.wasm,33257.428515625
code_execution_time,wasm3,strcat.wasm,737314.321875
code_execution_time,wasm3,hash.wasm,19542470.023828126
code_execution_time,wasm3,lists.wasm,23518429.354296874
code_execution_time,wasm3,objinst.wasm,30856.613671875
code_execution_time,wasm3,ackermann.wasm,46252.3283203125
code_execution_time,wasm3,heapsort.wasm,6865988.7375
code_execution_time,wasm3,ary3.wasm,14510247.581054688
code_execution_time,wasm3,sieve.wasm,25913934.024023436
