code_loaded_time,iwasm--fast-jit,flops-5.wasm,8353.74814453125
code_loaded_time,iwasm--fast-jit,whetstone.wasm,7027.53154296875
code_loaded_time,iwasm--fast-jit,dt.wasm,6768.229296875
code_loaded_time,iwasm--fast-jit,revertBits.wasm,6723.748828125
code_loaded_time,iwasm--fast-jit,evalloop.wasm,6645.589453125
code_loaded_time,iwasm--fast-jit,flops-7.wasm,6717.7466796875
code_loaded_time,iwasm--fast-jit,mandel-2.wasm,6705.0765625
code_loaded_time,iwasm--fast-jit,pi.wasm,6698.12412109375
code_loaded_time,iwasm--fast-jit,mandel.wasm,6982.80703125
code_loaded_time,iwasm--fast-jit,flops-1.wasm,6608.5951171875
code_loaded_time,iwasm--fast-jit,matmul_f64_4x4.wasm,6752.81953125
code_loaded_time,iwasm--fast-jit,himenobmtxpa.wasm,6931.59169921875
code_loaded_time,iwasm--fast-jit,salsa20.wasm,8305.5263671875
code_loaded_time,iwasm--fast-jit,lowercase.wasm,6579.32646484375
code_loaded_time,iwasm--fast-jit,flops-4.wasm,6784.61513671875
code_loaded_time,iwasm--fast-jit,ffbench.wasm,6890.57626953125
code_loaded_time,iwasm--fast-jit,oourafft.wasm,7002.93173828125
code_loaded_time,iwasm--fast-jit,flops-2.wasm,6757.71455078125
code_loaded_time,iwasm--fast-jit,fp-convert.wasm,6657.7408203125
code_loaded_time,iwasm--fast-jit,richards_benchmark.wasm,6771.82353515625
code_loaded_time,iwasm--fast-jit,flops-3.wasm,6812.31513671875
code_loaded_time,iwasm--fast-jit,flops-8.wasm,6634.76015625
code_loaded_time,iwasm--fast-jit,flops-6.wasm,6874.0169921875
