code_loaded_time,wasmer,flops-5.wasm,14811.31982421875
code_loaded_time,wasmer,whetstone.wasm,14990.993359375
code_loaded_time,wasmer,dt.wasm,14782.81767578125
code_loaded_time,wasmer,revertBits.wasm,12717.486328125
code_loaded_time,wasmer,evalloop.wasm,20778.78388671875
code_loaded_time,wasmer,flops-7.wasm,10675.36982421875
code_loaded_time,wasmer,mandel-2.wasm,11536.8078125
code_loaded_time,wasmer,pi.wasm,10662.12705078125
code_loaded_time,wasmer,mandel.wasm,9641.35830078125
code_loaded_time,wasmer,flops-1.wasm,10767.79228515625
code_loaded_time,wasmer,matmul_f64_4x4.wasm,12311.10205078125
code_loaded_time,wasmer,himenobmtxpa.wasm,13461.76123046875
code_loaded_time,wasmer,salsa20.wasm,9947.87470703125
code_loaded_time,wasmer,lowercase.wasm,10126.7046875
code_loaded_time,wasmer,flops-4.wasm,10725.6826171875
code_loaded_time,wasmer,ffbench.wasm,14006.52763671875
code_loaded_time,wasmer,oourafft.wasm,17005.53662109375
code_loaded_time,wasmer,flops-2.wasm,12025.58662109375
code_loaded_time,wasmer,fp-convert.wasm,11713.86533203125
code_loaded_time,wasmer,richards_benchmark.wasm,12111.8380859375
code_loaded_time,wasmer,flops-3.wasm,12543.41064453125
code_loaded_time,wasmer,flops-8.wasm,11409.3435546875
code_loaded_time,wasmer,flops-6.wasm,10457.74990234375
