code_loaded_time,iwasm_aot,flops-5.wasm,6712.987890625
code_loaded_time,iwasm_aot,whetstone.wasm,6894.86513671875
code_loaded_time,iwasm_aot,dt.wasm,6752.494921875
code_loaded_time,iwasm_aot,revertBits.wasm,6797.90830078125
code_loaded_time,iwasm_aot,evalloop.wasm,6242.31904296875
code_loaded_time,iwasm_aot,flops-7.wasm,6672.03173828125
code_loaded_time,iwasm_aot,mandel-2.wasm,6489.41826171875
code_loaded_time,iwasm_aot,pi.wasm,6633.93330078125
code_loaded_time,iwasm_aot,mandel.wasm,6832.43349609375
code_loaded_time,iwasm_aot,flops-1.wasm,6544.84296875
code_loaded_time,iwasm_aot,matmul_f64_4x4.wasm,6727.59775390625
code_loaded_time,iwasm_aot,himenobmtxpa.wasm,6742.71083984375
code_loaded_time,iwasm_aot,salsa20.wasm,6785.045703125
code_loaded_time,iwasm_aot,lowercase.wasm,6758.8927734375
code_loaded_time,iwasm_aot,flops-4.wasm,6816.6216796875
code_loaded_time,iwasm_aot,ffbench.wasm,6826.205078125
code_loaded_time,iwasm_aot,oourafft.wasm,6805.26630859375
code_loaded_time,iwasm_aot,flops-2.wasm,6848.04462890625
code_loaded_time,iwasm_aot,fp-convert.wasm,6768.45146484375
code_loaded_time,iwasm_aot,richards_benchmark.wasm,6810.09423828125
code_loaded_time,iwasm_aot,flops-3.wasm,6488.65517578125
code_loaded_time,iwasm_aot,flops-8.wasm,6897.31337890625
code_loaded_time,iwasm_aot,flops-6.wasm,6810.6015625
