code_loaded_time,iwasm,flops-5.wasm,7353.9068359375
code_loaded_time,iwasm,whetstone.wasm,7487.439453125
code_loaded_time,iwasm,dt.wasm,8901.73671875
code_loaded_time,iwasm,revertBits.wasm,7129.39453125
code_loaded_time,iwasm,evalloop.wasm,7214.75390625
code_loaded_time,iwasm,flops-7.wasm,7249.3669921875
code_loaded_time,iwasm,mandel-2.wasm,6875.66181640625
code_loaded_time,iwasm,pi.wasm,8362.85048828125
code_loaded_time,iwasm,mandel.wasm,7049.97978515625
code_loaded_time,iwasm,flops-1.wasm,7110.96357421875
code_loaded_time,iwasm,matmul_f64_4x4.wasm,7282.5623046875
code_loaded_time,iwasm,himenobmtxpa.wasm,7619.29970703125
code_loaded_time,iwasm,salsa20.wasm,7315.1962890625
code_loaded_time,iwasm,lowercase.wasm,7171.22705078125
code_loaded_time,iwasm,flops-4.wasm,7288.7326171875
code_loaded_time,iwasm,ffbench.wasm,7417.47646484375
code_loaded_time,iwasm,oourafft.wasm,8228.8326171875
code_loaded_time,iwasm,flops-2.wasm,6972.97099609375
code_loaded_time,iwasm,fp-convert.wasm,7391.78115234375
code_loaded_time,iwasm,richards_benchmark.wasm,7376.2580078125
code_loaded_time,iwasm,flops-3.wasm,8613.934765625
code_loaded_time,iwasm,flops-8.wasm,7247.9208984375
code_loaded_time,iwasm,flops-6.wasm,7153.8783203125
