code_loaded_time,wasm3,flops-5.wasm,226760.288671875
code_loaded_time,wasm3,whetstone.wasm,223849.964453125
code_loaded_time,wasm3,dt.wasm,223523.56396484375
code_loaded_time,wasm3,revertBits.wasm,223249.63603515626
code_loaded_time,wasm3,evalloop.wasm,223416.56494140625
code_loaded_time,wasm3,flops-7.wasm,223137.7857421875
code_loaded_time,wasm3,mandel-2.wasm,223037.5306640625
code_loaded_time,wasm3,pi.wasm,223841.19677734375
code_loaded_time,wasm3,mandel.wasm,223356.38017578126
code_loaded_time,wasm3,flops-1.wasm,226344.67421875
code_loaded_time,wasm3,matmul_f64_4x4.wasm,224926.87783203126
code_loaded_time,wasm3,himenobmtxpa.wasm,225430.77333984376
code_loaded_time,wasm3,salsa20.wasm,229767.41630859376
code_loaded_time,wasm3,lowercase.wasm,229559.05615234375
code_loaded_time,wasm3,flops-4.wasm,229634.1537109375
code_loaded_time,wasm3,ffbench.wasm,229706.17158203124
code_loaded_time,wasm3,oourafft.wasm,229469.691796875
code_loaded_time,wasm3,flops-2.wasm,230154.9041015625
code_loaded_time,wasm3,fp-convert.wasm,229440.94150390624
code_loaded_time,wasm3,richards_benchmark.wasm,229729.701171875
code_loaded_time,wasm3,flops-3.wasm,230013.55791015626
code_loaded_time,wasm3,flops-8.wasm,229217.425
code_loaded_time,wasm3,flops-6.wasm,229353.08447265625
