code_loaded_time,wasmtime,flops-5.wasm,11802.53994140625
code_loaded_time,wasmtime,whetstone.wasm,10348.93447265625
code_loaded_time,wasmtime,dt.wasm,10585.46826171875
code_loaded_time,wasmtime,revertBits.wasm,8962.91103515625
code_loaded_time,wasmtime,evalloop.wasm,10735.04208984375
code_loaded_time,wasmtime,flops-7.wasm,9749.4216796875
code_loaded_time,wasmtime,mandel-2.wasm,9059.227734375
code_loaded_time,wasmtime,pi.wasm,10281.68935546875
code_loaded_time,wasmtime,mandel.wasm,8934.44716796875
code_loaded_time,wasmtime,flops-1.wasm,9161.859375
code_loaded_time,wasmtime,matmul_f64_4x4.wasm,9205.578515625
code_loaded_time,wasmtime,himenobmtxpa.wasm,12005.28037109375
code_loaded_time,wasmtime,salsa20.wasm,8757.85966796875
code_loaded_time,wasmtime,lowercase.wasm,8912.6681640625
code_loaded_time,wasmtime,flops-4.wasm,9028.09677734375
code_loaded_time,wasmtime,ffbench.wasm,10978.9373046875
code_loaded_time,wasmtime,oourafft.wasm,15094.8541015625
code_loaded_time,wasmtime,flops-2.wasm,10029.3408203125
code_loaded_time,wasmtime,fp-convert.wasm,9032.81044921875
code_loaded_time,wasmtime,richards_benchmark.wasm,10957.3083984375
code_loaded_time,wasmtime,flops-3.wasm,9103.99541015625
code_loaded_time,wasmtime,flops-8.wasm,9259.299609375
code_loaded_time,wasmtime,flops-6.wasm,9080.636328125
