code_loaded_time,iwasm--llvm-jit,flops-5.wasm,48334.1134765625
code_loaded_time,iwasm--llvm-jit,whetstone.wasm,70023.40546875
code_loaded_time,iwasm--llvm-jit,dt.wasm,77794.8294921875
code_loaded_time,iwasm--llvm-jit,revertBits.wasm,36352.51748046875
code_loaded_time,iwasm--llvm-jit,evalloop.wasm,35581.7275390625
code_loaded_time,iwasm--llvm-jit,flops-7.wasm,46105.41640625
code_loaded_time,iwasm--llvm-jit,mandel-2.wasm,34679.88671875
code_loaded_time,iwasm--llvm-jit,pi.wasm,46815.0953125
code_loaded_time,iwasm--llvm-jit,mandel.wasm,34704.87568359375
code_loaded_time,iwasm--llvm-jit,flops-1.wasm,46085.64443359375
code_loaded_time,iwasm--llvm-jit,matmul_f64_4x4.wasm,46863.284375
code_loaded_time,iwasm--llvm-jit,himenobmtxpa.wasm,107444.57978515625
code_loaded_time,iwasm--llvm-jit,salsa20.wasm,35098.72333984375
code_loaded_time,iwasm--llvm-jit,lowercase.wasm,33402.81923828125
code_loaded_time,iwasm--llvm-jit,flops-4.wasm,46532.06611328125
code_loaded_time,iwasm--llvm-jit,ffbench.wasm,66132.6255859375
code_loaded_time,iwasm--llvm-jit,oourafft.wasm,116215.2546875
code_loaded_time,iwasm--llvm-jit,flops-2.wasm,46717.95224609375
code_loaded_time,iwasm--llvm-jit,fp-convert.wasm,45731.20126953125
code_loaded_time,iwasm--llvm-jit,richards_benchmark.wasm,60527.6666015625
code_loaded_time,iwasm--llvm-jit,flops-3.wasm,46340.75556640625
code_loaded_time,iwasm--llvm-jit,flops-8.wasm,48787.5828125
code_loaded_time,iwasm--llvm-jit,flops-6.wasm,46430.70625
