code_loaded_time,wasm3--compile,flops-5.wasm,223890.00146484375
code_loaded_time,wasm3--compile,whetstone.wasm,227335.921484375
code_loaded_time,wasm3--compile,dt.wasm,224593.27890625
code_loaded_time,wasm3--compile,revertBits.wasm,223855.3822265625
code_loaded_time,wasm3--compile,evalloop.wasm,224492.78828125
code_loaded_time,wasm3--compile,flops-7.wasm,224175.00732421875
code_loaded_time,wasm3--compile,mandel-2.wasm,224079.6693359375
code_loaded_time,wasm3--compile,pi.wasm,227104.13515625
code_loaded_time,wasm3--compile,mandel.wasm,224152.49482421874
code_loaded_time,wasm3--compile,flops-1.wasm,224416.01591796876
code_loaded_time,wasm3--compile,matmul_f64_4x4.wasm,226981.60322265624
code_loaded_time,wasm3--compile,himenobmtxpa.wasm,226154.19091796875
code_loaded_time,wasm3--compile,salsa20.wasm,230676.42509765626
code_loaded_time,wasm3--compile,lowercase.wasm,230685.76650390626
code_loaded_time,wasm3--compile,flops-4.wasm,230021.599609375
code_loaded_time,wasm3--compile,ffbench.wasm,230275.5802734375
code_loaded_time,wasm3--compile,oourafft.wasm,229912.59931640624
code_loaded_time,wasm3--compile,flops-2.wasm,233458.58486328126
code_loaded_time,wasm3--compile,fp-convert.wasm,230359.02431640626
code_loaded_time,wasm3--compile,richards_benchmark.wasm,230322.67353515624
code_loaded_time,wasm3--compile,flops-3.wasm,231379.15517578126
code_loaded_time,wasm3--compile,flops-8.wasm,229552.9837890625
code_loaded_time,wasm3--compile,flops-6.wasm,230118.90283203125
