code_loaded_time,wasmedge_aot,flops-5.wasm,869.39462890625
code_loaded_time,wasmedge_aot,whetstone.wasm,1035.61669921875
code_loaded_time,wasmedge_aot,dt.wasm,841.16728515625
code_loaded_time,wasmedge_aot,revertBits.wasm,768.29052734375
code_loaded_time,wasmedge_aot,evalloop.wasm,782.42431640625
code_loaded_time,wasmedge_aot,flops-7.wasm,781.5796875
code_loaded_time,wasmedge_aot,mandel-2.wasm,776.6251953125
code_loaded_time,wasmedge_aot,pi.wasm,794.32734375
code_loaded_time,wasmedge_aot,mandel.wasm,767.982421875
code_loaded_time,wasmedge_aot,flops-1.wasm,778.151953125
code_loaded_time,wasmedge_aot,matmul_f64_4x4.wasm,797.64609375
code_loaded_time,wasmedge_aot,himenobmtxpa.wasm,812.08994140625
code_loaded_time,wasmedge_aot,salsa20.wasm,776.8607421875
code_loaded_time,wasmedge_aot,lowercase.wasm,765.0744140625
code_loaded_time,wasmedge_aot,flops-4.wasm,802.52939453125
code_loaded_time,wasmedge_aot,ffbench.wasm,815.7294921875
code_loaded_time,wasmedge_aot,oourafft.wasm,862.94521484375
code_loaded_time,wasmedge_aot,flops-2.wasm,794.64697265625
code_loaded_time,wasmedge_aot,fp-convert.wasm,963.09296875
code_loaded_time,wasmedge_aot,richards_benchmark.wasm,802.82041015625
code_loaded_time,wasmedge_aot,flops-3.wasm,787.423046875
code_loaded_time,wasmedge_aot,flops-8.wasm,786.072265625
code_loaded_time,wasmedge_aot,flops-6.wasm,786.71396484375
