code_loaded_time,iwasm--multi-tier-jit,flops-5.wasm,6752.91044921875
code_loaded_time,iwasm--multi-tier-jit,whetstone.wasm,7179.996484375
code_loaded_time,iwasm--multi-tier-jit,dt.wasm,6944.76318359375
code_loaded_time,iwasm--multi-tier-jit,revertBits.wasm,6664.38984375
code_loaded_time,iwasm--multi-tier-jit,evalloop.wasm,8286.83203125
code_loaded_time,iwasm--multi-tier-jit,flops-7.wasm,6691.98544921875
code_loaded_time,iwasm--multi-tier-jit,mandel-2.wasm,6574.88232421875
code_loaded_time,iwasm--multi-tier-jit,pi.wasm,6613.5021484375
code_loaded_time,iwasm--multi-tier-jit,mandel.wasm,6837.7529296875
code_loaded_time,iwasm--multi-tier-jit,flops-1.wasm,6869.03037109375
code_loaded_time,iwasm--multi-tier-jit,matmul_f64_4x4.wasm,6719.32080078125
code_loaded_time,iwasm--multi-tier-jit,himenobmtxpa.wasm,6886.83134765625
code_loaded_time,iwasm--multi-tier-jit,salsa20.wasm,6774.14677734375
code_loaded_time,iwasm--multi-tier-jit,lowercase.wasm,6705.67421875
code_loaded_time,iwasm--multi-tier-jit,flops-4.wasm,6791.175390625
code_loaded_time,iwasm--multi-tier-jit,ffbench.wasm,8397.81025390625
code_loaded_time,iwasm--multi-tier-jit,oourafft.wasm,7232.33017578125
code_loaded_time,iwasm--multi-tier-jit,flops-2.wasm,6806.52958984375
code_loaded_time,iwasm--multi-tier-jit,fp-convert.wasm,6741.50166015625
code_loaded_time,iwasm--multi-tier-jit,richards_benchmark.wasm,6663.84306640625
code_loaded_time,iwasm--multi-tier-jit,flops-3.wasm,6859.6794921875
code_loaded_time,iwasm--multi-tier-jit,flops-8.wasm,6835.1443359375
code_loaded_time,iwasm--multi-tier-jit,flops-6.wasm,6838.33720703125
